categoria,Z0_0_mag,Z0_0_phase,Z1_-1_mag,Z1_-1_phase,Z1_1_mag,Z1_1_phase,Z2_-2_mag,Z2_-2_phase,Z2_0_mag,Z2_0_phase,Z2_2_mag,Z2_2_phase,Z3_-3_mag,Z3_-3_phase,Z3_-1_mag,Z3_-1_phase,Z3_1_mag,Z3_1_phase,Z3_3_mag,Z3_3_phase,Z4_-4_mag,Z4_-4_phase,Z4_-2_mag,Z4_-2_phase,Z4_0_mag,Z4_0_phase,Z4_2_mag,Z4_2_phase,Z4_4_mag,Z4_4_phase
square,9978,0,37.5502,-2.06328,37.5502,2.06328,42.9593,-0.297247,43.747,3.14159,42.9593,0.297247,28.5215,-2.0138,27.8614,1.19596,27.8614,-1.19596,28.5215,2.0138,33.2317,-1.24713,48.6639,2.75529,32.1148,0,48.6639,-2.75529,33.2317,1.24713
square,3.34724e+284,3.14159,3.24991e+284,2.67795,3.24991e+284,-2.67795,3.15542e+284,2.2143,2.9636e+284,3.14159,3.15542e+284,-2.2143,3.06367e+284,1.75065,2.69119e+284,2.67795,2.69119e+284,-2.67795,3.06367e+284,-1.75065,2.9746e+284,1.287,2.43212e+284,2.2143,2.26229e+284,3.14159,2.43212e+284,-2.2143,2.9746e+284,-1.287
square,17028,0,70.0959,-0.194787,70.0959,0.194787,18.9025,-2.72471,57.3649,3.14159,18.9025,2.72471,18.7462,0.324203,37.1436,-2.75819,37.1436,2.75819,18.7462,-0.324203,38.5643,1.17806,39.8373,0.0108618,18.0538,0,39.8373,-0.0108618,38.5643,-1.17806
square,20665,0,240.34,-3.12688,240.34,3.12688,199.765,-0.0126017,701.524,3.14159,199.765,0.0126017,19.951,-1.05818,129.33,-0.883182,129.33,0.883182,19.951,1.05818,137.36,-1.82276,187.167,0.107183,322.421,0,187.167,-0.107183,137.36,1.82276
square,16093,0,51.3351,2.85947,51.3351,-2.85947,26.4475,-0.221076,37.9302,3.14159,26.4475,0.221076,29.1556,-0.254761,38.0396,0.11815,38.0396,-0.11815,29.1556,0.254761,6.89793,1.4016,13.9944,-0.116584,29.6237,3.14159,13.9944,0.116584,6.89793,-1.4016
square,14141,0,164.213,3.02216,164.213,-3.02216,18.807,-1.69099,155.323,3.14159,18.807,1.69099,81.6393,2.01001,194.197,-1.39088,194.197,1.39088,81.6393,-2.01001,7.50583,-0.401928,33.1267,2.49864,89.0325,0,33.1267,-2.49864,7.50583,0.401928
square,22561,0,419.957,2.24988,419.957,-2.24988,292.742,0.55578,273.358,0,292.742,-0.55578,77.3735,-0.981067,315.224,0.112662,315.224,-0.112662,77.3735,0.981067,137.218,-0.208856,83.5013,-1.28991,69.1249,0,83.5013,1.28991,137.218,0.208856
square,12861,0,29.1582,3.0925,29.1582,-3.0925,80.0955,0.245439,188.379,3.14159,80.0955,-0.245439,39.4578,2.44866,20.3513,2.25283,20.3513,-2.25283,39.4578,-2.44866,29.6827,-2.64449,34.4552,-0.228557,35.3339,0,34.4552,0.228557,29.6827,2.64449
square,17794,0,114.851,1.33267,114.851,-1.33267,165.967,-3.00467,334.42,3.14159,165.967,3.00467,94.6396,-2.97176,13.4859,3.08881,13.4859,-3.08881,94.6396,2.97176,48.9706,0.0785763,36.9516,3.05299,63.9553,0,36.9516,-3.05299,48.9706,-0.0785763
square,28106,0,132.98,-3.02895,132.98,3.02895,90.806,2.87724,162.08,3.14159,90.806,-2.87724,85.4957,-3.0273,83.182,-2.81407,83.182,2.81407,85.4957,3.0273,68.2445,-3.05973,74.9071,-2.96746,64.7884,3.14159,74.9071,2.96746,68.2445,3.05973
square,25529,0,223.22,-2.77141,223.22,2.77141,74.0053,3.04987,94.7819,3.14159,74.0053,-3.04987,56.6256,-2.97875,38.1742,0.493782,38.1742,-0.493782,56.6256,2.97875,39.4476,-1.25797,8.17961,-0.0554199,80.0545,0,8.17961,0.0554199,39.4476,1.25797
square,-nan,-nan,-nan,-nan,-nan,-nan,-nan,-nan,-nan,-nan,-nan,-nan,-nan,-nan,-nan,-nan,-nan,-nan,-nan,-nan,-nan,-nan,-nan,-nan,-nan,-nan,-nan,-nan,-nan,-nan
square,30610,0,342.012,2.5196,342.012,-2.5196,210.186,-2.81982,765.834,3.14159,210.186,2.81982,50.4639,-2.79895,126.751,-0.081915,126.751,0.081915,50.4639,2.79895,81.9824,-0.173961,52.6524,-2.44715,97.5077,0,52.6524,2.44715,81.9824,0.173961
square,21193,0,102.77,0.914329,102.77,-0.914329,75.8844,-2.90062,80.0817,3.14159,75.8844,2.90062,21.6254,1.63588,119.642,-2.28726,119.642,2.28726,21.6254,-1.63588,11.9539,-0.974435,38.4269,2.42776,59.8991,0,38.4269,-2.42776,11.9539,0.974435
square,13637,0,12.6103,2.41485,12.6103,-2.41485,6.41119,2.06436,23.2227,3.14159,6.41119,-2.06436,5.39011,2.09487,9.52416,-3.10613,9.52416,3.10613,5.39011,-2.09487,11.9142,2.98847,8.05779,3.08881,11.7667,3.14159,8.05779,-3.08881,11.9142,-2.98847
square,16221,0,14.2405,-0.876558,14.2405,0.876558,11.52,0.864219,57.1898,3.14159,11.52,-0.864219,14.0775,3.04376,5.51085,-0.679601,5.51085,0.679601,14.0775,-3.04376,8.14517,-1.73646,1.64781,0.753744,46.9,3.14159,1.64781,-0.753744,8.14517,1.73646
square,-nan,-nan,-nan,-nan,-nan,-nan,-nan,-nan,-nan,-nan,-nan,-nan,-nan,-nan,-nan,-nan,-nan,-nan,-nan,-nan,-nan,-nan,-nan,-nan,-nan,-nan,-nan,-nan,-nan,-nan
square,-nan,-nan,-nan,-nan,-nan,-nan,-nan,-nan,-nan,-nan,-nan,-nan,-nan,-nan,-nan,-nan,-nan,-nan,-nan,-nan,-nan,-nan,-nan,-nan,-nan,-nan,-nan,-nan,-nan,-nan
square,18432,0,211.749,1.29831,211.749,-1.29831,79.7044,-0.654283,6.67553,3.14159,79.7044,0.654283,52.4014,-2.6874,72.0558,-2.0787,72.0558,2.0787,52.4014,2.6874,78.6177,0.40816,77.4878,2.3043,236.301,0,77.4878,-2.3043,78.6177,-0.40816
square,17314,0,79.3712,2.84619,79.3712,-2.84619,53.0736,0.0205817,40.0516,0,53.0736,-0.0205817,48.2336,-0.0567481,57.8667,0.209339,57.8667,-0.209339,48.2336,0.0567481,19.9919,2.8684,7.02235,1.34149,8.1046,3.14159,7.02235,-1.34149,19.9919,-2.8684
square,30179,0,214.982,-2.32908,214.982,2.32908,22.3487,2.8869,313.622,3.14159,22.3487,-2.8869,70.8438,2.64529,81.448,-2.70147,81.448,2.70147,70.8438,-2.64529,3.85227,1.80201,30.3608,-0.705317,24.9852,3.14159,30.3608,0.705317,3.85227,-1.80201
square,21507,0,129.128,2.93463,129.128,-2.93463,115.985,-3.0327,342.8,3.14159,115.985,3.0327,126.159,3.08174,61.7111,-2.50837,61.7111,2.50837,126.159,-3.08174,1.64549,0.321373,83.049,0.606517,210.005,0,83.049,-0.606517,1.64549,-0.321373
square,19245,0,72.7664,2.86243,72.7664,-2.86243,95.9034,-0.331172,41.5717,3.14159,95.9034,0.331172,22.1757,-0.517733,72.7663,0.496076,72.7663,-0.496076,22.1757,0.517733,37.5275,2.3324,24.2672,0.504562,21.4727,3.14159,24.2672,-0.504562,37.5275,-2.3324
square,14949,0,67.8411,-2.77188,67.8411,2.77188,92.5441,-0.244329,88.9829,3.14159,92.5441,0.244329,57.6896,2.39613,70.3504,-0.595807,70.3504,0.595807,57.6896,-2.39613,10.4084,1.81293,12.6208,2.79544,30.6877,0,12.6208,-2.79544,10.4084,-1.81293
square,-nan,-nan,-nan,-nan,-nan,-nan,-nan,-nan,-nan,-nan,-nan,-nan,-nan,-nan,-nan,-nan,-nan,-nan,-nan,-nan,-nan,-nan,-nan,-nan,-nan,-nan,-nan,-nan,-nan,-nan
square,18193,0,148.755,0.562208,148.755,-0.562208,117.386,-0.006385,57.2321,3.14159,117.386,0.006385,115.937,-2.8111,111.269,-2.85454,111.269,2.85454,115.937,2.8111,28.8201,1.51109,50.8534,-2.26539,214.055,0,50.8534,2.26539,28.8201,-1.51109
square,16680,0,32.2129,-1.2672,32.2129,1.2672,19.4027,0.172229,32.116,3.14159,19.4027,-0.172229,14.3852,1.88746,3.56131,-0.689884,3.56131,0.689884,14.3852,-1.88746,26.7999,-3.09357,4.48583,3.01418,4.87197,3.14159,4.48583,-3.01418,26.7999,3.09357
square,21653,0,117.51,1.54714,117.51,-1.54714,172.053,-2.14084,368.24,3.14159,172.053,2.14084,37.5642,-2.08727,57.5004,-1.3206,57.5004,1.3206,37.5642,2.08727,43.5949,-1.12974,79.1484,3.07499,209.152,0,79.1484,-3.07499,43.5949,1.12974
square,22990,0,153.4,-2.75025,153.4,2.75025,68.4383,-2.84342,145.964,3.14159,68.4383,2.84342,56.4526,-3.06283,50.9698,-2.56098,50.9698,2.56098,56.4526,3.06283,46.971,-2.4544,9.85802,-0.233768,29.3882,3.14159,9.85802,0.233768,46.971,2.4544
square,25654,0,60.9519,2.42952,60.9519,-2.42952,33.7806,-2.27338,198.453,3.14159,33.7806,2.27338,125.217,-1.07954,121.331,1.50944,121.331,-1.50944,125.217,1.07954,19.7919,2.23383,39.8524,-1.88135,88.3324,3.14159,39.8524,1.88135,19.7919,-2.23383
square,5.48613e+303,3.14159,5.48613e+303,2.49809,5.48613e+303,-2.49809,5.48613e+303,1.85459,5.48613e+303,3.14159,5.48613e+303,-1.85459,5.48613e+303,1.21109,5.48613e+303,2.49809,5.48613e+303,-2.49809,5.48613e+303,-1.21109,5.48613e+303,0.567588,5.48613e+303,1.85459,5.48613e+303,3.14159,5.48613e+303,-1.85459,5.48613e+303,-0.567588
square,14731,0,60.0482,0.226514,60.0482,-0.226514,25.1458,0.439552,33.6555,3.14159,25.1458,-0.439552,31.443,2.40526,61.9128,-2.85444,61.9128,2.85444,31.443,-2.40526,71.4952,-0.239645,52.6763,0.939892,198.036,0,52.6763,-0.939892,71.4952,0.239645
square,18420,0,27.6047,-3.11499,27.6047,3.11499,43.5838,2.15137,35.9718,3.14159,43.5838,-2.15137,81.8893,-1.40734,123.114,0.35205,123.114,-0.35205,81.8893,1.40734,87.0308,0.163859,25.3797,-1.51616,38.5238,0,25.3797,1.51616,87.0308,-0.163859
square,-nan,-nan,-nan,-nan,-nan,-nan,-nan,-nan,-nan,-nan,-nan,-nan,-nan,-nan,-nan,-nan,-nan,-nan,-nan,-nan,-nan,-nan,-nan,-nan,-nan,-nan,-nan,-nan,-nan,-nan
square,18925,0,23.0529,-1.95802,23.0529,1.95802,59.528,0.200823,81.405,3.14159,59.528,-0.200823,25.9048,2.9017,18.9609,-2.19502,18.9609,2.19502,25.9048,-2.9017,35.7537,-2.25367,29.9044,2.95319,16.9146,0,29.9044,-2.95319,35.7537,2.25367
square,45732,0,114.83,-3.0416,114.83,3.0416,30.651,3.13447,68.6021,3.14159,30.651,-3.13447,46.8793,-0.483743,38.8055,-0.115748,38.8055,0.115748,46.8793,0.483743,30.9861,-0.0699178,45.4767,-0.0772021,14.6008,0,45.4767,0.0772021,30.9861,0.0699178
square,15382,0,50.8483,-2.52624,50.8483,2.52624,82.1692,0.522218,224.822,3.14159,82.1692,-0.522218,42.1962,-1.46744,57.0073,-2.75624,57.0073,2.75624,42.1962,1.46744,44.0351,-2.30614,41.1405,2.79495,2.68974,3.14159,41.1405,-2.79495,44.0351,2.30614
square,22420,0,159.349,2.89426,159.349,-2.89426,16.1873,2.24589,392.663,3.14159,16.1873,-2.24589,33.3858,0.851649,55.9326,1.46683,55.9326,-1.46683,33.3858,-0.851649,73.0305,-3.01475,135.437,0.180101,80.4184,3.14159,135.437,-0.180101,73.0305,3.01475
square,13277,0,110.45,2.49201,110.45,-2.49201,98.4146,-3.02939,195.91,3.14159,98.4146,3.02939,67.906,-2.23454,69.0935,-0.316982,69.0935,0.316982,67.906,2.23454,29.3761,1.06332,70.1893,3.03151,90.4746,0,70.1893,-3.03151,29.3761,-1.06332
square,-nan,-nan,-nan,-nan,-nan,-nan,-nan,-nan,-nan,-nan,-nan,-nan,-nan,-nan,-nan,-nan,-nan,-nan,-nan,-nan,-nan,-nan,-nan,-nan,-nan,-nan,-nan,-nan,-nan,-nan
square,29871,0,168.433,3.12851,168.433,-3.12851,74.023,-2.76573,101.383,3.14159,74.023,2.76573,25.2859,-1.73915,20.7529,-0.602434,20.7529,0.602434,25.2859,1.73915,23.4806,-0.714542,49.8109,-0.284342,41.0158,0,49.8109,0.284342,23.4806,0.714542
square,13867,0,167.921,2.96953,167.921,-2.96953,88.448,1.34946,59.7141,3.14159,88.448,-1.34946,12.6692,1.06463,32.0644,-1.38516,32.0644,1.38516,12.6692,-1.06463,39.7016,-0.00527145,60.8174,-2.72798,74.3585,0,60.8174,2.72798,39.7016,0.00527145
square,15097,0,238.99,-0.255842,238.99,0.255842,121.155,-0.64606,323.959,3.14159,121.155,0.64606,88.1259,-2.68637,10.775,-1.52087,10.775,1.52087,88.1259,2.68637,55.8875,0.42732,97.5213,0.572744,42.3242,0,97.5213,-0.572744,55.8875,-0.42732
square,15070,0,120.265,1.05076,120.265,-1.05076,96.1359,-0.393498,236.186,3.14159,96.1359,0.393498,81.367,-3.04092,58.4305,-2.46154,58.4305,2.46154,81.367,3.04092,61.5918,1.82147,19.9162,-1.26011,65.5158,0,19.9162,1.26011,61.5918,-1.82147
square,27913,0,96.2432,1.03013,96.2432,-1.03013,93.4427,0.105506,258.122,3.14159,93.4427,-0.105506,111.847,-0.471129,61.4698,1.03059,61.4698,-1.03059,111.847,0.471129,81.696,2.80042,87.3725,0.0723984,82.1225,3.14159,87.3725,-0.0723984,81.696,-2.80042
square,-nan,-nan,-nan,-nan,-nan,-nan,-nan,-nan,-nan,-nan,-nan,-nan,-nan,-nan,-nan,-nan,-nan,-nan,-nan,-nan,-nan,-nan,-nan,-nan,-nan,-nan,-nan,-nan,-nan,-nan
square,5.48613e+303,3.14159,5.05531e+303,2.3205,5.05531e+303,-2.3205,4.65831e+303,1.4994,3.8305e+303,3.14159,4.65831e+303,-1.4994,4.2925e+303,0.678301,2.76688e+303,2.3205,2.76688e+303,-2.3205,4.2925e+303,-0.678301,3.95541e+303,-0.142796,1.8467e+303,1.4994,1.2687e+303,3.14159,1.8467e+303,-1.4994,3.95541e+303,0.142796
square,28927,0,244.024,-2.86029,244.024,2.86029,146.485,3.10306,362.896,3.14159,146.485,-3.10306,79.951,1.78032,67.0626,-2.44043,67.0626,2.44043,79.951,-1.78032,64.3636,2.60152,49.1013,0.240525,89.6172,3.14159,49.1013,-0.240525,64.3636,-2.60152
square,28927,0,378.698,3.11009,378.698,-3.11009,189.199,2.98411,627.607,3.14159,189.199,-2.98411,9.6331,1.40564,44.0045,-2.28338,44.0045,2.28338,9.6331,-1.40564,99.4675,2.93015,187.209,0.0864515,73.3183,3.14159,187.209,-0.0864515,99.4675,-2.93015
square,41107,0,309.395,-2.23671,309.395,2.23671,195.916,2.83987,400.69,3.14159,195.916,-2.83987,21.7554,2.47241,53.5087,-0.165918,53.5087,0.165918,21.7554,-2.47241,48.592,-0.900671,70.3042,0.674348,191.549,0,70.3042,-0.674348,48.592,0.900671
square,21433,0,109.849,-2.91333,109.849,2.91333,182.647,2.96219,376.54,3.14159,182.647,-2.96219,19.4029,1.10887,53.0861,2.88145,53.0861,-2.88145,19.4029,-1.10887,38.0041,1.48147,20.8136,-2.90575,21.8195,3.14159,20.8136,2.90575,38.0041,-1.48147
square,13159,0,50.7282,0.957809,50.7282,-0.957809,16.0231,-0.463,65.1889,3.14159,16.0231,0.463,25.4755,-0.29044,22.3368,0.838011,22.3368,-0.838011,25.4755,0.29044,25.4888,3.0396,9.90004,-2.29596,5.34499,3.14159,9.90004,2.29596,25.4888,-3.0396
square,11616,0,1.97825,-0.608689,1.97825,0.608689,6.16926,-1.60548,6.10051,3.14159,6.16926,1.60548,6.41588,1.22366,14.3769,2.90737,14.3769,-2.90737,6.41588,-1.22366,9.85241,2.74158,5.56423,-1.01912,1.77108,3.14159,5.56423,1.01912,9.85241,-2.74158
square,14790,0,75.2148,-1.94272,75.2148,1.94272,8.09826,-1.03466,72.394,3.14159,8.09826,1.03466,6.73783,-3.13448,15.8139,-2.6808,15.8139,2.6808,6.73783,3.13448,5.76322,2.61802,31.872,-2.24715,11.0944,0,31.872,2.24715,5.76322,-2.61802
square,20270,0,39.1107,-0.976052,39.1107,0.976052,37.3129,-0.900288,196.551,3.14159,37.3129,0.900288,45.8995,0.481883,26.6307,-2.53534,26.6307,2.53534,45.8995,-0.481883,46.2657,-1.9677,32.6032,-0.427168,24.8201,3.14159,32.6032,0.427168,46.2657,1.9677
square,-nan,-nan,-nan,-nan,-nan,-nan,-nan,-nan,-nan,-nan,-nan,-nan,-nan,-nan,-nan,-nan,-nan,-nan,-nan,-nan,-nan,-nan,-nan,-nan,-nan,-nan,-nan,-nan,-nan,-nan
square,18130,0,118.73,2.71822,118.73,-2.71822,84.5914,-2.5534,180.017,3.14159,84.5914,2.5534,27.5791,-2.89877,41.2649,-1.4836,41.2649,1.4836,27.5791,2.89877,25.3077,-1.08251,64.7249,-2.87037,39.477,0,64.7249,2.87037,25.3077,1.08251
square,26284,0,169.247,-2.86667,169.247,2.86667,60.8779,-2.91537,168.451,3.14159,60.8779,2.91537,44.4978,-2.99572,56.1026,-2.74335,56.1026,2.74335,44.4978,2.99572,43.4653,-2.78354,22.6076,-2.57013,11.0484,3.14159,22.6076,2.57013,43.4653,2.78354
square,18621,0,76.6589,-3.0441,76.6589,3.0441,171.584,-0.284037,282.038,3.14159,171.584,0.284037,30.6587,2.53389,80.149,-2.23019,80.149,2.23019,30.6587,-2.53389,62.2975,2.61037,51.2101,-2.34557,49.89,3.14159,51.2101,2.34557,62.2975,-2.61037
square,17401,0,111.034,-2.42085,111.034,2.42085,7.2292,0.0473883,370.403,3.14159,7.2292,-0.0473883,50.9994,-0.935815,45.6323,-1.85486,45.6323,1.85486,50.9994,0.935815,72.8317,-2.05128,46.1201,-0.0680736,5.74177,3.14159,46.1201,0.0680736,72.8317,2.05128
square,20473,0,90.4726,-0.715381,90.4726,0.715381,46.9649,-0.367959,233.202,3.14159,46.9649,0.367959,55.4929,-1.81715,86.8109,-3.01558,86.8109,3.01558,55.4929,1.81715,28.0416,-0.87435,48.4301,2.28109,80.0624,0,48.4301,-2.28109,28.0416,0.87435
square,24069,0,132.952,3.00161,132.952,-3.00161,167.051,-2.60539,443.086,3.14159,167.051,2.60539,59.7146,-2.22223,34.9495,2.91877,34.9495,-2.91877,59.7146,2.22223,55.5938,-2.81951,80.4518,-0.0553238,88.3093,3.14159,80.4518,0.0553238,55.5938,2.81951
square,23921,0,154.279,-2.26309,154.279,2.26309,30.4774,1.31797,192.878,3.14159,30.4774,-1.31797,54.735,1.72926,37.7911,2.90785,37.7911,-2.90785,54.735,-1.72926,18.6623,2.75027,64.4347,2.81188,6.13798,3.14159,64.4347,-2.81188,18.6623,-2.75027
square,19087,0,157.216,-0.647124,157.216,0.647124,76.9819,-3.12886,202.473,3.14159,76.9819,3.12886,39.681,-0.334376,33.2152,1.37411,33.2152,-1.37411,39.681,0.334376,31.1128,1.68846,91.1297,-2.87465,19.8313,0,91.1297,2.87465,31.1128,-1.68846
square,-nan,-nan,-nan,-nan,-nan,-nan,-nan,-nan,-nan,-nan,-nan,-nan,-nan,-nan,-nan,-nan,-nan,-nan,-nan,-nan,-nan,-nan,-nan,-nan,-nan,-nan,-nan,-nan,-nan,-nan
square,22749,0,211.986,-2.21459,211.986,2.21459,203.073,2.87739,332.833,3.14159,203.073,-2.87739,45.3813,-2.87836,87.8762,0.295,87.8762,-0.295,45.3813,2.87836,34.9049,3.04604,104.173,3.02643,174.523,0,104.173,-3.02643,34.9049,-3.04604
square,28618,0,183.624,-3.09784,183.624,3.09784,65.9355,3.00576,176.171,3.14159,65.9355,-3.00576,22.5507,-2.89151,37.092,2.99181,37.092,-2.99181,22.5507,2.89151,33.9498,-1.9162,26.0919,0.127529,8.25611,3.14159,26.0919,-0.127529,33.9498,1.9162
square,18848,0,84.5522,2.18281,84.5522,-2.18281,52.4876,-0.4188,67.7472,3.14159,52.4876,0.4188,0.369317,2.14762,41.2745,0.0718817,41.2745,-0.0718817,0.369317,-2.14762,15.4236,1.13509,16.6365,-0.0156619,22.27,0,16.6365,0.0156619,15.4236,-1.13509
square,18201,0,97.1839,2.88916,97.1839,-2.88916,86.6046,-0.871527,181.946,3.14159,86.6046,0.871527,54.2144,2.81125,12.3842,-0.981305,12.3842,0.981305,54.2144,-2.81125,47.1589,1.51367,41.4672,-2.04954,0.115707,3.14159,41.4672,2.04954,47.1589,-1.51367
square,21656,0,118.294,-1.91584,118.294,1.91584,60.6924,0.0588647,137.502,3.14159,60.6924,-0.0588647,55.6387,2.47678,22.6241,-2.46251,22.6241,2.46251,55.6387,-2.47678,16.1843,0.795155,8.46872,-1.57558,18.8967,0,8.46872,1.57558,16.1843,-0.795155
square,24784,0,206.548,-3.07818,206.548,3.07818,56.2584,-0.570139,241.614,3.14159,56.2584,0.570139,46.691,-2.47973,57.2385,-0.472001,57.2385,0.472001,46.691,2.47973,60.6195,-1.73753,92.7068,0.183682,70.2905,0,92.7068,-0.183682,60.6195,1.73753
square,-nan,-nan,-nan,-nan,-nan,-nan,-nan,-nan,-nan,-nan,-nan,-nan,-nan,-nan,-nan,-nan,-nan,-nan,-nan,-nan,-nan,-nan,-nan,-nan,-nan,-nan,-nan,-nan,-nan,-nan
square,7103,0,15.5282,-1.07894,15.5282,1.07894,14.5337,1.32559,6.52865,3.14159,14.5337,-1.32559,11.3874,2.35951,30.0718,2.93208,30.0718,-2.93208,11.3874,-2.35951,10.0653,-1.3785,11.5299,-1.7455,9.44308,3.14159,11.5299,1.7455,10.0653,1.3785
square,3.31419e+249,0,3.11913e+249,-1.32582,3.11913e+249,1.32582,2.93555e+249,-2.65164,2.55691e+249,0,2.93555e+249,2.65164,2.76277e+249,2.30573,2.05006e+249,-1.32582,2.05006e+249,1.32582,2.76277e+249,-2.30573,2.60017e+249,0.979915,1.59402e+249,-2.65164,1.3019e+249,0,1.59402e+249,2.65164,2.60017e+249,-0.979915
square,10497,0,96.6264,-1.24771,96.6264,1.24771,42.3788,1.49858,154.034,3.14159,42.3788,-1.49858,46.6264,0.775657,61.1676,-0.891564,61.1676,0.891564,46.6264,-0.775657,31.0371,0.29818,55.2868,-0.272161,55.1365,0,55.2868,0.272161,31.0371,-0.29818
square,33652,0,218.71,-2.83746,218.71,2.83746,117.189,2.5855,565.242,3.14159,117.189,-2.5855,123.239,2.02251,179.325,-0.87219,179.325,0.87219,123.239,-2.02251,328.112,-2.86956,230.565,-3.08316,237.99,3.14159,230.565,3.08316,328.112,2.86956
square,-nan,-nan,-nan,-nan,-nan,-nan,-nan,-nan,-nan,-nan,-nan,-nan,-nan,-nan,-nan,-nan,-nan,-nan,-nan,-nan,-nan,-nan,-nan,-nan,-nan,-nan,-nan,-nan,-nan,-nan
square,-nan,-nan,-nan,-nan,-nan,-nan,-nan,-nan,-nan,-nan,-nan,-nan,-nan,-nan,-nan,-nan,-nan,-nan,-nan,-nan,-nan,-nan,-nan,-nan,-nan,-nan,-nan,-nan,-nan,-nan
square,21541,0,148.957,2.98333,148.957,-2.98333,11.5238,2.41559,348.942,3.14159,11.5238,-2.41559,75.2879,3.12406,70.4456,2.55693,70.4456,-2.55693,75.2879,-3.12406,19.9786,-1.47089,18.6837,2.50194,39.2751,3.14159,18.6837,-2.50194,19.9786,1.47089
square,30036,0,35.6607,2.2314,35.6607,-2.2314,116.692,0.267804,236.331,3.14159,116.692,-0.267804,91.4423,-1.43525,253.733,0.713957,253.733,-0.713957,91.4423,1.43525,58.0278,-0.981653,43.5032,0.681569,311.652,0,43.5032,-0.681569,58.0278,0.981653
square,18696,0,143.716,2.65448,143.716,-2.65448,103.266,-2.39137,209.67,3.14159,103.266,2.39137,93.2929,-2.12591,32.0169,2.34188,32.0169,-2.34188,93.2929,2.12591,27.7297,-2.64268,36.1794,-0.636359,4.61024,3.14159,36.1794,0.636359,27.7297,2.64268
square,9522,0,38.1387,2.20436,38.1387,-2.20436,61.2589,-2.98391,184.543,3.14159,61.2589,2.98391,88.2734,-3.01077,79.4492,2.5669,79.4492,-2.5669,88.2734,3.01077,82.7022,-0.0176945,20.8357,-1.92472,130.482,0,20.8357,1.92472,82.7022,0.0176945
square,21630,0,126.146,-0.298567,126.146,0.298567,80.9346,0.130507,490.211,3.14159,80.9346,-0.130507,149.508,2.3567,143.183,2.90914,143.183,-2.90914,149.508,-2.3567,27.0879,-1.98269,17.5774,-1.77198,16.6951,0,17.5774,1.77198,27.0879,1.98269
square,23432,0,97.3592,-2.63078,97.3592,2.63078,82.7721,-0.511013,113.424,3.14159,82.7721,0.511013,41.828,0.674891,55.4337,-1.20291,55.4337,1.20291,41.828,-0.674891,39.7897,1.69143,35.2126,-0.327363,33.4238,0,35.2126,0.327363,39.7897,-1.69143
square,25143,0,73.9402,2.93639,73.9402,-2.93639,30.4642,-0.937976,46.217,3.14159,30.4642,0.937976,25.596,-2.73952,31.8812,0.457826,31.8812,-0.457826,25.596,2.73952,19.8465,1.62951,10.8877,0.510639,43.9459,0,10.8877,-0.510639,19.8465,-1.62951
square,6771,0,47.4978,-1.00043,47.4978,1.00043,64.2264,1.52234,26.5503,0,64.2264,-1.52234,50.4564,2.03744,36.8106,2.57164,36.8106,-2.57164,50.4564,-2.03744,42.9238,-1.63048,29.8542,-0.21563,65.1681,0,29.8542,0.21563,42.9238,1.63048
square,15641,0,21.1343,-1.09374,21.1343,1.09374,27.3406,-2.97474,100.898,3.14159,27.3406,2.97474,12.4548,2.69215,25.3982,-2.75475,25.3982,2.75475,12.4548,-2.69215,46.6769,-3.14157,36.6814,-2.91449,19.3856,3.14159,36.6814,2.91449,46.6769,3.14157
square,22788,0,81.0762,-2.57527,81.0762,2.57527,88.6174,2.61262,118.494,3.14159,88.6174,-2.61262,3.00682,1.49761,27.2085,0.883355,27.2085,-0.883355,3.00682,-1.49761,23.1456,-0.412484,27.6165,-1.38206,68.1975,0,27.6165,1.38206,23.1456,0.412484
square,20955,0,83.7455,-3.13533,83.7455,3.13533,13.2107,2.96124,45.9274,3.14159,13.2107,-2.96124,31.5853,0.147786,21.6565,0.0824688,21.6565,-0.0824688,31.5853,-0.147786,31.655,0.0761972,32.6054,0.148291,4.21541,0,32.6054,-0.148291,31.655,-0.0761972
square,26865,0,148.658,2.72277,148.658,-2.72277,153.408,-2.76736,275.048,3.14159,153.408,2.76736,42.5914,-2.47377,90.9467,-0.411725,90.9467,0.411725,42.5914,2.47377,36.8378,-1.42033,103.663,-3.05616,25.9309,0,103.663,3.05616,36.8378,1.42033
square,21437,0,109.988,-2.98763,109.988,2.98763,89.6494,-2.98731,140.756,3.14159,89.6494,2.98731,72.8893,3.04357,60.8908,-3.06363,60.8908,3.06363,72.8893,-3.04357,69.4927,-2.68314,39.1104,-2.95364,51.0575,3.14159,39.1104,2.95364,69.4927,2.68314
square,22709,0,60.1494,-1.22656,60.1494,1.22656,33.7273,0.0942,189.992,3.14159,33.7273,-0.0942,37.1835,1.19392,88.9872,-0.524358,88.9872,0.524358,37.1835,-1.19392,135.138,-0.0428396,52.6431,1.46106,307.651,0,52.6431,-1.46106,135.138,0.0428396
square,48615,0,119.364,2.95964,119.364,-2.95964,123.79,0.114561,1027.83,3.14159,123.79,-0.114561,76.9013,0.331271,111.847,0.24216,111.847,-0.24216,76.9013,-0.331271,95.0011,-3.08538,411.408,-0.00804344,117.334,3.14159,411.408,0.00804344,95.0011,3.08538
square,12147,0,138.138,-1.53448,138.138,1.53448,40.2555,1.69374,23.6729,0,40.2555,-1.69374,28.0915,0.797466,67.3855,0.180542,67.3855,-0.180542,28.0915,-0.797466,26.5878,0.261981,26.6172,1.71088,51.3681,0,26.6172,-1.71088,26.5878,-0.261981
square,41429,0,311.002,-3.06198,311.002,3.06198,170.841,1.7104,582.802,3.14159,170.841,-1.7104,201.314,1.43468,145.67,-2.57062,145.67,2.57062,201.314,-1.43468,162.773,-2.81239,86.5567,0.924505,250.444,3.14159,86.5567,-0.924505,162.773,2.81239
square,10686,0,125.99,-1.07321,125.99,1.07321,39.1693,0.52692,113.347,3.14159,39.1693,-0.52692,9.72738,2.36139,37.0175,-2.05016,37.0175,2.05016,9.72738,-2.36139,21.0442,-0.467184,22.2133,-0.353119,9.10014,0,22.2133,0.353119,21.0442,0.467184
square,15233,0,16.4398,-0.972671,16.4398,0.972671,26.87,-0.525761,39.2388,3.14159,26.87,0.525761,1.2115,-1.16435,28.2266,-1.37664,28.2266,1.37664,1.2115,1.16435,16.2962,1.4586,1.87946,1.2028,8.69719,0,1.87946,-1.2028,16.2962,-1.4586
square,20272,0,119.885,-3.03253,119.885,3.03253,20.0945,-2.74846,100.232,3.14159,20.0945,2.74846,20.5917,0.721089,40.8847,-0.0840499,40.8847,0.0840499,20.5917,-0.721089,36.5157,-0.792597,28.5567,0.165061,17.6226,0,28.5567,-0.165061,36.5157,0.792597
square,16650,0,28.7021,1.77225,28.7021,-1.77225,21.6864,1.3564,221.227,3.14159,21.6864,-1.3564,80.7103,-2.28628,82.2642,1.46297,82.2642,-1.46297,80.7103,2.28628,13.8179,-2.50569,80.1482,-2.69048,3.25464,3.14159,80.1482,2.69048,13.8179,2.50569
square,27061,0,65.2336,-3.1261,65.2336,3.1261,54.204,-3.08208,86.4596,3.14159,54.204,3.08208,48.0962,3.10572,47.4294,3.13578,47.4294,-3.13578,48.0962,-3.10572,55.4879,3.1,37.998,3.09293,58.7375,3.14159,37.998,-3.09293,55.4879,-3.1
square,-nan,-nan,-nan,-nan,-nan,-nan,-nan,-nan,-nan,-nan,-nan,-nan,-nan,-nan,-nan,-nan,-nan,-nan,-nan,-nan,-nan,-nan,-nan,-nan,-nan,-nan,-nan,-nan,-nan,-nan
square,-nan,-nan,-nan,-nan,-nan,-nan,-nan,-nan,-nan,-nan,-nan,-nan,-nan,-nan,-nan,-nan,-nan,-nan,-nan,-nan,-nan,-nan,-nan,-nan,-nan,-nan,-nan,-nan,-nan,-nan
square,6327,0,7.43492,1.16198,7.43492,-1.16198,8.94776,-1.86891,2.41333,3.14159,8.94776,1.86891,10.7396,2.25045,11.3284,-0.176045,11.3284,0.176045,10.7396,-2.25045,10.1468,3.12699,6.40602,-0.507276,6.01615,3.14159,6.40602,0.507276,10.1468,-3.12699
square,19120,0,161.091,-0.0764525,161.091,0.0764525,27.6544,1.65274,282.883,3.14159,27.6544,-1.65274,121.073,0.873216,111.813,-0.883682,111.813,0.883682,121.073,-0.873216,53.2588,-2.76853,18.2455,1.91025,77.7099,3.14159,18.2455,-1.91025,53.2588,2.76853
square,30971,0,123.094,-2.41298,123.094,2.41298,52.8908,-2.66834,282.705,3.14159,52.8908,2.66834,126.394,2.95055,93.9864,-2.66195,93.9864,2.66195,126.394,-2.95055,114.515,2.91692,17.9147,-2.4611,76.7311,3.14159,17.9147,2.4611,114.515,-2.91692
square,21831,0,65.328,-0.614827,65.328,0.614827,53.7832,-0.00932631,194.635,3.14159,53.7832,0.00932631,99.0432,-1.96081,43.3403,0.2686,43.3403,-0.2686,99.0432,1.96081,82.0299,1.5822,64.5524,-0.329302,110.903,0,64.5524,0.329302,82.0299,-1.5822
square,26049,0,205.149,-2.72266,205.149,2.72266,138.54,2.83036,218.796,3.14159,138.54,-2.83036,48.8258,-0.939267,79.7388,0.224781,79.7388,-0.224781,48.8258,0.939267,94.9642,-0.50442,21.1913,-0.970797,110.172,0,21.1913,0.970797,94.9642,0.50442
square,29866,0,107.548,-2.92704,107.548,2.92704,96.506,-3.05377,143.179,3.14159,96.506,3.05377,50.5546,-2.71351,30.6333,-2.61133,30.6333,2.61133,50.5546,2.71351,85.8919,2.74429,4.13038,-2.13489,36.6842,3.14159,4.13038,2.13489,85.8919,-2.74429
square,22608,0,169.691,3.0042,169.691,-3.0042,176.95,-2.78385,392.388,3.14159,176.95,2.78385,133.825,-1.48179,59.7054,0.494524,59.7054,-0.494524,133.825,1.48179,50.2749,-3.09108,43.4859,-0.550629,33.2128,3.14159,43.4859,0.550629,50.2749,3.09108
square,19961,0,41.4787,-1.07898,41.4787,1.07898,14.7127,-1.70182,46.9925,3.14159,14.7127,1.70182,13.5843,-2.50343,18.5282,2.20492,18.5282,-2.20492,13.5843,2.50343,11.2793,-1.59766,12.8441,-1.14977,1.7678,0,12.8441,1.14977,11.2793,1.59766
square,27454,0,92.3388,-3.01928,92.3388,3.01928,17.244,1.33852,118.951,3.14159,17.244,-1.33852,16.3292,2.07793,26.2798,-0.114068,26.2798,0.114068,16.3292,-2.07793,39.4596,-0.204342,24.9101,0.0159672,17.7994,0,24.9101,-0.0159672,39.4596,0.204342
square,25809,0,136.68,2.5224,136.68,-2.5224,73.2925,-2.68799,107.041,3.14159,73.2925,2.68799,48.3073,-2.43347,30.9375,-0.18966,30.9375,0.18966,48.3073,2.43347,21.8122,1.57963,47.6215,3.0574,8.76824,0,47.6215,-3.0574,21.8122,-1.57963
square,30686,0,173.522,-1.99422,173.522,1.99422,92.1678,3.11015,434.623,3.14159,92.1678,-3.11015,105.395,2.82885,78.4235,-3.11895,78.4235,3.11895,105.395,-2.82885,164.471,-1.04793,104.054,-0.679407,218.956,0,104.054,0.679407,164.471,1.04793
square,-nan,-nan,-nan,-nan,-nan,-nan,-nan,-nan,-nan,-nan,-nan,-nan,-nan,-nan,-nan,-nan,-nan,-nan,-nan,-nan,-nan,-nan,-nan,-nan,-nan,-nan,-nan,-nan,-nan,-nan
square,22798,0,73.4361,3.05169,73.4361,-3.05169,65.7932,-3.08587,126.953,3.14159,65.7932,3.08587,64.9206,-1.17096,45.7933,-0.152083,45.7933,0.152083,64.9206,1.17096,29.5314,0.330968,51.0445,0.160318,39.2416,0,51.0445,-0.160318,29.5314,-0.330968
square,14953,0,72.7508,-2.24288,72.7508,2.24288,35.8909,0.751617,263.177,3.14159,35.8909,-0.751617,32.794,0.445655,7.44128,1.89716,7.44128,-1.89716,32.794,-0.445655,91.126,-0.423521,78.3785,-0.234998,115.948,0,78.3785,0.234998,91.126,0.423521
square,22347,0,104.459,1.93131,104.459,-1.93131,110.49,0.690242,326.435,3.14159,110.49,-0.690242,54.4543,-1.69823,146.026,1.75307,146.026,-1.75307,54.4543,1.69823,32.9982,0.344475,66.1341,2.78516,110.849,0,66.1341,-2.78516,32.9982,-0.344475
square,32156,0,85.3266,2.09104,85.3266,-2.09104,276.563,-0.086105,741.482,3.14159,276.563,0.086105,87.8617,-0.375615,80.9926,-0.4079,80.9926,0.4079,87.8617,0.375615,184.201,0.00629676,90.25,-0.153895,626.871,0,90.25,0.153895,184.201,-0.00629676
square,16230,0,7.98332,1.93547,7.98332,-1.93547,5.50706,0.79481,46.4529,3.14159,5.50706,-0.79481,3.53273,-0.260529,2.11968,-1.73849,2.11968,1.73849,3.53273,0.260529,8.01221,-2.90266,3.89443,-2.99373,41.6548,3.14159,3.89443,2.99373,8.01221,2.90266
square,26134,0,179.523,-2.68033,179.523,2.68033,115.486,-2.8308,234.39,3.14159,115.486,2.8308,31.6947,3.05911,76.5844,-1.70655,76.5844,1.70655,31.6947,-3.05911,82.8163,-2.75494,56.9406,-0.0124758,47.7549,3.14159,56.9406,0.0124758,82.8163,2.75494
square,5.48612e+303,3.14159,5.206e+303,2.5128,5.206e+303,-2.5128,4.94018e+303,1.884,4.39424e+303,3.14159,4.94018e+303,-1.884,4.68794e+303,1.2552,3.6518e+303,2.5128,3.6518e+303,-2.5128,4.68794e+303,-1.2552,4.44857e+303,0.626408,2.97373e+303,1.884,2.53644e+303,3.14159,2.97373e+303,-1.884,4.44857e+303,-0.626408
square,1.09749e+304,3.14159,1.08368e+304,2.30718,1.08368e+304,-2.30718,1.07005e+304,1.47273,1.04265e+304,3.14159,1.07005e+304,-1.47273,1.05658e+304,0.638259,1.00255e+304,2.30709,1.00255e+304,-2.30709,1.05658e+304,-0.638259,1.0433e+304,-0.196242,9.63368e+303,1.47249,9.37473e+303,3.14159,9.63368e+303,-1.47249,1.0433e+304,0.196242
square,6.62838e+249,0,6.17792e+249,-1.24905,6.17792e+249,1.24905,5.76636e+249,-2.50298,4.9465e+249,0,5.76636e+249,2.50298,5.39032e+249,2.52142,3.93248e+249,-1.2691,3.93248e+249,1.2691,5.39032e+249,-2.52142,5.04693e+249,1.25786,3.10844e+249,-2.56566,2.61487e+249,0,3.10844e+249,2.56566,5.04693e+249,-1.25786
square,15142,0,70.807,-1.60104,70.807,1.60104,91.2676,2.38038,152.374,3.14159,91.2676,-2.38038,65.2632,2.68651,63.0839,0.871343,63.0839,-0.871343,65.2632,-2.68651,41.833,-0.655904,52.7236,1.13534,119.509,0,52.7236,-1.13534,41.833,0.655904
square,25408,0,151.534,-1.94331,151.534,1.94331,65.7886,1.48374,380.503,3.14159,65.7886,-1.48374,102.742,2.19523,157.41,-2.10231,157.41,2.10231,102.742,-2.19523,67.0664,-2.52057,43.5865,2.53353,21.1796,0,43.5865,-2.53353,67.0664,2.52057
square,20539,0,140.447,-2.74214,140.447,2.74214,22.7679,2.71959,120.1,3.14159,22.7679,-2.71959,32.9996,-0.79178,43.3136,0.471248,43.3136,-0.471248,32.9996,0.79178,73.8481,-0.186757,42.1054,3.04052,84.8761,0,42.1054,-3.04052,73.8481,0.186757
square,35700,0,175.607,-1.60939,175.607,1.60939,132.195,-0.0117413,156.282,3.14159,132.195,0.0117413,51.4975,1.11318,46.6817,-1.77982,46.6817,1.77982,51.4975,-1.11318,27.6079,2.8571,7.33169,-0.786229,23.5822,3.14159,7.33169,0.786229,27.6079,-2.8571
square,16579,0,24.1584,2.62564,24.1584,-2.62564,45.412,0.629522,31.1567,3.14159,45.412,-0.629522,77.2762,1.32752,101.675,-0.261188,101.675,0.261188,77.2762,-1.32752,44.9296,-1.44646,4.09498,2.05662,1.27772,3.14159,4.09498,-2.05662,44.9296,1.44646
square,23370,0,116.53,-1.11363,116.53,1.11363,100.615,-1.22322,19.2446,0,100.615,1.22322,38.6254,0.893211,109.572,2.67806,109.572,-2.67806,38.6254,-0.893211,36.7148,0.0634274,28.9243,-2.19319,43.3923,0,28.9243,2.19319,36.7148,-0.0634274
triangle,44106,0,333.396,-3.01873,333.396,3.01873,157.53,-1.01632,20.0643,3.14159,157.53,1.01632,166.923,-0.531763,176.032,-0.810442,176.032,0.810442,166.923,0.531763,75.2878,1.65656,99.8755,0.130355,14.8274,0,99.8755,-0.130355,75.2878,-1.65656
triangle,23537,0,92.7987,-1.63848,92.7987,1.63848,63.3919,-0.502969,89.9563,3.14159,63.3919,0.502969,27.775,-1.97002,52.537,-1.84039,52.537,1.84039,27.775,1.97002,27.295,-0.136236,28.9829,2.99696,0.251758,3.14159,28.9829,-2.99696,27.295,0.136236
triangle,18210,0,83.0983,-2.01522,83.0983,2.01522,104.945,0.441417,85.6505,3.14159,104.945,-0.441417,34.0883,-0.502541,25.242,-0.82516,25.242,0.82516,34.0883,0.502541,28.895,-1.28243,12.9992,-2.292,27.9816,0,12.9992,2.292,28.895,1.28243
triangle,21756,0,193.562,-3.01592,193.562,3.01592,89.7397,-2.41283,29.5428,3.14159,89.7397,2.41283,52.3901,-1.73074,42.8332,-1.08701,42.8332,1.08701,52.3901,1.73074,18.423,-0.987346,11.689,-2.94147,52.5304,3.14159,11.689,2.94147,18.423,0.987346
triangle,5.82766e+303,3.14159,5.55207e+303,2.4771,5.55207e+303,-2.4771,5.28951e+303,1.8126,4.75137e+303,3.14159,5.28951e+303,-1.8126,5.03937e+303,1.14811,4.01397e+303,2.4771,4.01397e+303,-2.4771,5.03937e+303,-1.14811,4.80106e+303,0.483611,3.3357e+303,1.8126,2.89694e+303,3.14159,3.3357e+303,-1.8126,4.80106e+303,-0.483611
triangle,22511,0,96.0649,-2.88782,96.0649,2.88782,22.9751,-2.72241,59.2674,3.14159,22.9751,2.72241,22.3368,2.86083,27.3387,-2.34174,27.3387,2.34174,22.3368,-2.86083,40.013,3.07722,8.91405,1.83582,13.7174,3.14159,8.91405,-1.83582,40.013,-3.07722
triangle,17836,0,132.063,-2.78603,132.063,2.78603,27.1121,-2.22642,74.0315,3.14159,27.1121,2.22642,13.6736,-1.09828,30.1401,-1.34759,30.1401,1.34759,13.6736,1.09828,14.5497,2.16437,14.6951,-2.69635,14.2941,3.14159,14.6951,2.69635,14.5497,-2.16437
triangle,-nan,-nan,-nan,-nan,-nan,-nan,-nan,-nan,-nan,-nan,-nan,-nan,-nan,-nan,-nan,-nan,-nan,-nan,-nan,-nan,-nan,-nan,-nan,-nan,-nan,-nan,-nan,-nan,-nan,-nan
triangle,-nan,-nan,-nan,-nan,-nan,-nan,-nan,-nan,-nan,-nan,-nan,-nan,-nan,-nan,-nan,-nan,-nan,-nan,-nan,-nan,-nan,-nan,-nan,-nan,-nan,-nan,-nan,-nan,-nan,-nan
triangle,-nan,-nan,-nan,-nan,-nan,-nan,-nan,-nan,-nan,-nan,-nan,-nan,-nan,-nan,-nan,-nan,-nan,-nan,-nan,-nan,-nan,-nan,-nan,-nan,-nan,-nan,-nan,-nan,-nan,-nan
triangle,24306,0,160.143,-0.747122,160.143,0.747122,174.76,-1.2309,71.6548,3.14159,174.76,1.2309,22.8116,-2.06325,172.207,-1.22658,172.207,1.22658,22.8116,2.06325,67.2985,1.21878,73.5735,0.908147,30.0599,3.14159,73.5735,-0.908147,67.2985,-1.21878
triangle,26903,0,198.744,-2.55697,198.744,2.55697,89.5022,-2.14859,121.829,0,89.5022,2.14859,142.658,-1.60273,172.161,-1.80271,172.161,1.80271,142.658,1.60273,26.1324,1.29518,43.9483,1.28751,2.13618,3.14159,43.9483,-1.28751,26.1324,-1.29518
triangle,17541,0,65.8581,-3.05077,65.8581,3.05077,35.4677,-2.72582,16.3611,3.14159,35.4677,2.72582,27.3041,-2.81225,16.0952,-2.74979,16.0952,2.74979,27.3041,2.81225,38.5769,3.11716,40.0226,2.83059,33.8095,3.14159,40.0226,-2.83059,38.5769,-3.11716
triangle,11913,0,25.5947,-1.22865,25.5947,1.22865,116.884,-0.182639,30.8584,3.14159,116.884,0.182639,47.7411,-1.92953,101.584,-1.53632,101.584,1.53632,47.7411,1.92953,18.4372,1.94925,59.3299,-3.01675,105.394,0,59.3299,3.01675,18.4372,-1.94925
triangle,15127,0,169.715,-1.75623,169.715,1.75623,73.9805,-2.16129,12.4695,0,73.9805,2.16129,130.891,-2.19759,139.846,-2.87108,139.846,2.87108,130.891,2.19759,26.9437,-0.223018,125.218,2.23163,14.6092,3.14159,125.218,-2.23163,26.9437,0.223018
triangle,20364,0,93.1576,-2.17519,93.1576,2.17519,47.8041,-0.166084,100.051,3.14159,47.8041,0.166084,50.0548,2.31147,80.168,-1.50793,80.168,1.50793,50.0548,-2.31147,96.4488,-2.82524,58.7443,-0.117566,37.7392,3.14159,58.7443,0.117566,96.4488,2.82524
triangle,28480,0,198.138,-2.94819,198.138,2.94819,82.4266,0.143007,79.8795,3.14159,82.4266,-0.143007,79.0517,-1.28965,161.46,-1.63976,161.46,1.63976,79.0517,1.28965,68.3479,-2.91279,126.113,-0.116818,84.4877,3.14159,126.113,0.116818,68.3479,2.91279
triangle,15979,0,45.4978,2.03513,45.4978,-2.03513,29.0969,-2.73091,24.4807,0,29.0969,2.73091,46.8354,-2.51672,67.1278,-1.77428,67.1278,1.77428,46.8354,2.51672,25.038,3.07477,34.2847,2.15559,49.4894,3.14159,34.2847,-2.15559,25.038,-3.07477
triangle,17593,0,107.457,-0.829681,107.457,0.829681,94.1085,0.351976,169.871,0,94.1085,-0.351976,95.2755,-1.95003,4.34442,-3.13079,4.34442,3.13079,95.2755,1.95003,82.5262,0.835775,124.136,2.28955,73.649,0,124.136,-2.28955,82.5262,-0.835775
triangle,16147,0,15.2558,-2.75415,15.2558,2.75415,22.8732,2.92272,106.418,3.14159,22.8732,-2.92272,63.5259,3.09689,30.282,-2.71156,30.282,2.71156,63.5259,-3.09689,21.862,-2.70287,29.696,2.56875,71.5267,3.14159,29.696,-2.56875,21.862,2.70287
triangle,18938,0,107.561,-2.92793,107.561,2.92793,76.5787,-2.96007,71.1571,3.14159,76.5787,2.96007,53.3778,-2.67364,42.5411,-2.95809,42.5411,2.95809,53.3778,2.67364,44.9321,-2.72949,18.6821,-2.57267,27.3744,3.14159,18.6821,2.57267,44.9321,2.72949
triangle,27444,0,123.792,-2.06788,123.792,2.06788,37.6597,-1.31544,161.297,0,37.6597,1.31544,143.564,-1.98076,54.1302,-2.91026,54.1302,2.91026,143.564,1.98076,35.6751,0.705065,152.313,2.86545,118.396,3.14159,152.313,-2.86545,35.6751,-0.705065
triangle,33818,0,488.707,-1.47542,488.707,1.47542,140.22,-0.725445,15.174,0,140.22,0.725445,431.64,-1.67107,199.319,-1.94485,199.319,1.94485,431.64,1.67107,170.184,0.932649,242.326,2.27755,380.648,0,242.326,-2.27755,170.184,-0.932649
triangle,22960,0,99.4513,3.12101,99.4513,-3.12101,28.2453,-2.03947,11.1717,3.14159,28.2453,2.03947,22.246,-0.712046,26.5151,-0.98118,26.5151,0.98118,22.246,0.712046,25.2182,0.855021,16.1216,1.23796,11.0717,3.14159,16.1216,-1.23796,25.2182,-0.855021
triangle,19967,0,32.287,-0.58811,32.287,0.58811,29.2541,1.06088,2.46875,3.14159,29.2541,-1.06088,17.0433,-2.82615,30.2762,-2.20659,30.2762,2.20659,17.0433,2.82615,27.3833,-2.68365,5.59676,-0.98719,44.377,3.14159,5.59676,0.98719,27.3833,2.68365
triangle,25699,0,185.757,-1.9356,185.757,1.9356,199.603,-0.587512,8.77694,3.14159,199.603,0.587512,39.3362,-0.919984,199.861,-1.43113,199.861,1.43113,39.3362,0.919984,4.46714,-0.587645,67.4475,1.54249,39.3153,3.14159,67.4475,-1.54249,4.46714,0.587645
triangle,11196,0,57.4851,-3.13376,57.4851,3.13376,30.141,-3.13134,56.9444,3.14159,30.141,3.13134,18.52,3.12996,20.4265,3.13553,20.4265,-3.13553,18.52,-3.12996,22.5435,3.13524,9.15296,3.07241,18.091,3.14159,9.15296,-3.07241,22.5435,-3.13524
triangle,-nan,-nan,-nan,-nan,-nan,-nan,-nan,-nan,-nan,-nan,-nan,-nan,-nan,-nan,-nan,-nan,-nan,-nan,-nan,-nan,-nan,-nan,-nan,-nan,-nan,-nan,-nan,-nan,-nan,-nan
triangle,30187,0,345.387,-1.95575,345.387,1.95575,81.9571,-2.5221,87.6002,3.14159,81.9571,2.5221,102.623,-1.65573,53.036,-2.77216,53.036,2.77216,102.623,1.65573,43.7711,0.326382,105.114,1.57748,152.222,0,105.114,-1.57748,43.7711,-0.326382
triangle,-nan,-nan,-nan,-nan,-nan,-nan,-nan,-nan,-nan,-nan,-nan,-nan,-nan,-nan,-nan,-nan,-nan,-nan,-nan,-nan,-nan,-nan,-nan,-nan,-nan,-nan,-nan,-nan,-nan,-nan
triangle,14850,0,66.4516,-1.42878,66.4516,1.42878,43.7922,0.361705,43.1771,3.14159,43.7922,-0.361705,11.9755,2.6162,1.21487,1.68419,1.21487,-1.68419,11.9755,-2.6162,10.972,-2.05972,16.9858,-2.95728,9.11846,0,16.9858,2.95728,10.972,2.05972
triangle,6156,0,87.134,-3.02195,87.134,3.02195,25.4212,-2.33673,12.1728,0,25.4212,2.33673,15.7408,-1.3602,19.3715,-0.204067,19.3715,0.204067,15.7408,1.3602,14.8182,3.13262,16.624,2.24309,16.6831,0,16.624,-2.24309,14.8182,-3.13262
triangle,21700,0,15.0565,-3.00517,15.0565,3.00517,91.0917,2.7722,88.7168,3.14159,91.0917,-2.7722,69.6739,-1.47289,44.3753,-1.50269,44.3753,1.50269,69.6739,1.47289,37.5048,2.91694,24.8762,-1.07988,71.1159,0,24.8762,1.07988,37.5048,-2.91694
triangle,10487,0,21.6622,-1.03447,21.6622,1.03447,32.8297,1.64513,25.9334,3.14159,32.8297,-1.64513,21.6338,-2.45257,8.08651,-0.988796,8.08651,0.988796,21.6338,2.45257,5.71627,-0.156398,7.79779,-1.09105,3.31431,3.14159,7.79779,1.09105,5.71627,0.156398
triangle,20515,0,27.4002,-2.04526,27.4002,2.04526,62.7728,1.0497,271.708,0,62.7728,-1.0497,129.175,-2.20623,127.542,-1.52384,127.542,1.52384,129.175,2.20623,15.0803,1.22798,126.471,2.63009,42.3127,0,126.471,-2.63009,15.0803,-1.22798
triangle,17422,0,297.89,-0.2299,297.89,0.2299,14.1353,2.46582,19.3537,0,14.1353,-2.46582,148.189,-2.70752,53.4338,3.07824,53.4338,-3.07824,148.189,2.70752,141.262,0.691839,145.361,1.84675,118.133,0,145.361,-1.84675,141.262,-0.691839
triangle,18021,0,192.73,-1.8202,192.73,1.8202,110.74,0.179887,51.2102,3.14159,110.74,-0.179887,3.97311,-2.3109,112.54,-1.2001,112.54,1.2001,3.97311,2.3109,36.2292,-0.829402,22.4574,-0.295273,37.4762,3.14159,22.4574,0.295273,36.2292,0.829402
triangle,-nan,-nan,-nan,-nan,-nan,-nan,-nan,-nan,-nan,-nan,-nan,-nan,-nan,-nan,-nan,-nan,-nan,-nan,-nan,-nan,-nan,-nan,-nan,-nan,-nan,-nan,-nan,-nan,-nan,-nan
triangle,18946,0,229.427,-1.34059,229.427,1.34059,94.3501,0.502688,161.246,0,94.3501,-0.502688,50.063,-2.27132,18.1303,-2.4746,18.1303,2.4746,50.063,2.27132,52.9074,1.20486,106.815,2.20101,22.7529,0,106.815,-2.20101,52.9074,-1.20486
triangle,36676,0,284.676,2.72685,284.676,-2.72685,145.764,-1.85448,167.526,0,145.764,1.85448,326.993,-1.27192,288.922,-1.63049,288.922,1.63049,326.993,1.27192,118.99,1.37576,87.6962,1.91841,16.5647,0,87.6962,-1.91841,118.99,-1.37576
triangle,27394,0,187.027,-1.59093,187.027,1.59093,157.195,-0.0438507,170.92,3.14159,157.195,0.0438507,34.9132,1.44309,78.9699,-1.73487,78.9699,1.73487,34.9132,-1.44309,7.97363,-1.34881,21.0311,-2.98869,10.6635,3.14159,21.0311,2.98869,7.97363,1.34881
triangle,32271,0,186.525,-2.84057,186.525,2.84057,27.7182,-2.72949,92.4616,3.14159,27.7182,2.72949,9.45744,-1.61662,50.9511,-0.762255,50.9511,0.762255,9.45744,1.61662,21.061,-0.00701324,34.4721,0.0694126,97.5246,0,34.4721,-0.0694126,21.061,0.00701324
triangle,20271,0,166.134,-1.70798,166.134,1.70798,10.5327,-1.8874,21.3379,3.14159,10.5327,1.8874,75.4413,-2.23928,121.131,-2.7002,121.131,2.7002,75.4413,2.23928,45.2975,-1.0224,35.7604,2.34878,39.8932,3.14159,35.7604,-2.34878,45.2975,1.0224
triangle,22870,0,319.825,-2.11423,319.825,2.11423,147.406,0.586554,133.342,0,147.406,-0.586554,32.7051,3.03678,142.082,-1.92582,142.082,1.92582,32.7051,-3.03678,43.4368,-2.20747,136.233,-1.90379,112.084,3.14159,136.233,1.90379,43.4368,2.20747
triangle,53551,0,223.49,-2.59271,223.49,2.59271,231.482,0.503277,161.561,3.14159,231.482,-0.503277,174.889,-1.17944,377.602,-1.66007,377.602,1.66007,174.889,1.17944,94.4514,-2.13871,176.253,-0.207407,89.2576,0,176.253,0.207407,94.4514,2.13871
triangle,18909,0,100.185,2.30369,100.185,-2.30369,3.33323,-1.26589,29.1972,3.14159,3.33323,1.26589,57.8425,-2.41172,38.0965,-1.9917,38.0965,1.9917,57.8425,2.41172,78.6076,3.08882,62.4534,-3.0197,0.813836,3.14159,62.4534,3.0197,78.6076,-3.08882
triangle,16077,0,145.026,-1.48075,145.026,1.48075,39.0709,-0.496486,55.6084,3.14159,39.0709,0.496486,20.7108,-2.56621,98.7381,-2.20747,98.7381,2.20747,20.7108,2.56621,38.4306,1.59191,82.8949,1.724,50.3371,0,82.8949,-1.724,38.4306,-1.59191
triangle,24815,0,214.666,3.10789,214.666,-3.10789,61.0948,-3.07675,27.0993,3.14159,61.0948,3.07675,86.9986,-1.61301,82.3087,-1.11302,82.3087,1.11302,86.9986,1.61301,29.1374,-1.49582,23.5295,-1.08174,99.0714,0,23.5295,1.08174,29.1374,1.49582
triangle,31937,0,302.285,-1.62652,302.285,1.62652,133.936,-0.557272,98.7387,3.14159,133.936,0.557272,62.7582,3.08877,51.7717,2.36551,51.7717,-2.36551,62.7582,-3.08877,109.536,0.773784,70.8304,2.25096,193.269,0,70.8304,-2.25096,109.536,-0.773784
triangle,-nan,-nan,-nan,-nan,-nan,-nan,-nan,-nan,-nan,-nan,-nan,-nan,-nan,-nan,-nan,-nan,-nan,-nan,-nan,-nan,-nan,-nan,-nan,-nan,-nan,-nan,-nan,-nan,-nan,-nan
triangle,19811,0,32.5825,-0.772919,32.5825,0.772919,30.2494,-0.573005,1.41563,0,30.2494,0.573005,32.3404,-1.03557,68.1353,-1.86638,68.1353,1.86638,32.3404,1.03557,39.1395,2.37095,24.4497,0.807787,23.82,3.14159,24.4497,-0.807787,39.1395,-2.37095
triangle,35566,0,70.3682,-3.09163,70.3682,3.09163,13.5014,-0.466043,6.27566,0,13.5014,0.466043,34.2272,-0.396012,45.6517,-1.57212,45.6517,1.57212,34.2272,0.396012,22.2526,0.0744191,31.9028,0.327424,48.6853,0,31.9028,-0.327424,22.2526,-0.0744191
triangle,42780,0,153.709,-2.79906,153.709,2.79906,109.195,-0.572366,201.469,0,109.195,0.572366,51.697,-1.08984,49.3141,-0.5675,49.3141,0.5675,51.697,1.08984,60.8108,1.25324,130.383,2.46727,110.745,3.14159,130.383,-2.46727,60.8108,-1.25324
triangle,14106,0,83.0894,2.4517,83.0894,-2.4517,20.599,0.0970131,51.8763,3.14159,20.599,-0.0970131,96.6766,-1.2549,44.8047,-1.00249,44.8047,1.00249,96.6766,1.2549,40.9945,-2.91735,45.5513,-0.748488,48.0479,0,45.5513,0.748488,40.9945,2.91735
triangle,-nan,-nan,-nan,-nan,-nan,-nan,-nan,-nan,-nan,-nan,-nan,-nan,-nan,-nan,-nan,-nan,-nan,-nan,-nan,-nan,-nan,-nan,-nan,-nan,-nan,-nan,-nan,-nan,-nan,-nan
triangle,25045,0,271.46,-2.13842,271.46,2.13842,129.265,-1.26976,258.846,3.14159,129.265,1.26976,33.9628,-0.787062,174.298,-1.87812,174.298,1.87812,33.9628,0.787062,44.1156,2.32511,61.2971,-0.41952,7.8761,0,61.2971,0.41952,44.1156,-2.32511
triangle,29295,0,173.871,-1.8181,173.871,1.8181,164.644,0.874131,63.7293,0,164.644,-0.874131,30.3425,-2.92139,86.943,-0.980188,86.943,0.980188,30.3425,2.92139,69.6141,-0.607837,55.8065,-1.88559,19.427,0,55.8065,1.88559,69.6141,0.607837
triangle,16417,0,194.081,-1.35965,194.081,1.35965,93.3474,0.466387,44.0551,3.14159,93.3474,-0.466387,58.003,3.13373,146.241,-2.075,146.241,2.075,58.003,-3.13373,57.5942,-1.2611,55.784,1.45655,2.40591,3.14159,55.784,-1.45655,57.5942,1.2611
triangle,15923,0,68.4885,-3.06059,68.4885,3.06059,40.031,-1.05032,76.7454,3.14159,40.031,1.05032,29.1634,-2.24495,12.3738,-1.78718,12.3738,1.78718,29.1634,2.24495,32.7331,1.60465,38.3806,1.99448,24.1025,3.14159,38.3806,-1.99448,32.7331,-1.60465
triangle,14587,0,13.7994,0.104162,13.7994,-0.104162,37.8793,0.996278,18.2502,0,37.8793,-0.996278,44.5845,-0.998965,75.6391,-1.75028,75.6391,1.75028,44.5845,0.998965,17.1302,2.54066,19.5499,-0.760018,41.0973,0,19.5499,0.760018,17.1302,-2.54066
triangle,26410,0,83.8338,-3.03755,83.8338,3.03755,39.7699,2.90006,94.656,3.14159,39.7699,-2.90006,17.2855,-2.93771,17.3415,-1.95162,17.3415,1.95162,17.2855,2.93771,4.36924,2.20576,18.9586,0.309464,17.0982,3.14159,18.9586,-0.309464,4.36924,-2.20576
triangle,17981,0,277.881,-1.90671,277.881,1.90671,191.227,-0.249723,158.669,3.14159,191.227,0.249723,62.6965,1.32932,145.648,-1.5222,145.648,1.5222,62.6965,-1.32932,56.1114,3.08452,16.2722,0.0153541,90.2004,3.14159,16.2722,-0.0153541,56.1114,-3.08452
triangle,23201,0,86.7504,-2.04659,86.7504,2.04659,112.293,1.08549,52.3024,3.14159,112.293,-1.08549,57.653,2.97191,119.627,-2.40589,119.627,2.40589,57.653,-2.97191,83.8787,-2.69924,63.9918,-2.23102,119.976,3.14159,63.9918,2.23102,83.8787,2.69924
triangle,-nan,-nan,-nan,-nan,-nan,-nan,-nan,-nan,-nan,-nan,-nan,-nan,-nan,-nan,-nan,-nan,-nan,-nan,-nan,-nan,-nan,-nan,-nan,-nan,-nan,-nan,-nan,-nan,-nan,-nan
triangle,-nan,-nan,-nan,-nan,-nan,-nan,-nan,-nan,-nan,-nan,-nan,-nan,-nan,-nan,-nan,-nan,-nan,-nan,-nan,-nan,-nan,-nan,-nan,-nan,-nan,-nan,-nan,-nan,-nan,-nan
triangle,-nan,-nan,-nan,-nan,-nan,-nan,-nan,-nan,-nan,-nan,-nan,-nan,-nan,-nan,-nan,-nan,-nan,-nan,-nan,-nan,-nan,-nan,-nan,-nan,-nan,-nan,-nan,-nan,-nan,-nan
triangle,-nan,-nan,-nan,-nan,-nan,-nan,-nan,-nan,-nan,-nan,-nan,-nan,-nan,-nan,-nan,-nan,-nan,-nan,-nan,-nan,-nan,-nan,-nan,-nan,-nan,-nan,-nan,-nan,-nan,-nan
triangle,21863,0,115.057,3.08287,115.057,-3.08287,93.3576,-1.0935,70.1488,3.14159,93.3576,1.0935,139,-2.02179,118.31,-1.25826,118.31,1.25826,139,2.02179,44.957,2.40542,66.8241,1.11628,7.13103,3.14159,66.8241,-1.11628,44.957,-2.40542
triangle,16428,0,195.203,-1.58263,195.203,1.58263,81.7125,0.124237,17.1611,3.14159,81.7125,-0.124237,32.5988,-2.21118,79.244,-1.90115,79.244,1.90115,32.5988,2.21118,81.7797,1.24792,80.9701,2.51585,8.08156,3.14159,80.9701,-2.51585,81.7797,-1.24792
triangle,22766,0,118.257,-0.465055,118.257,0.465055,135.994,3.02903,215.627,3.14159,135.994,-3.02903,45.0697,-0.820693,34.0824,-1.92063,34.0824,1.92063,45.0697,0.820693,129.009,2.71953,61.506,2.66223,21.5204,3.14159,61.506,-2.66223,129.009,-2.71953
triangle,29211,0,100.084,-2.67675,100.084,2.67675,72.4843,-0.478933,207.899,3.14159,72.4843,0.478933,59.0635,2.64206,59.4603,-1.95402,59.4603,1.95402,59.0635,-2.64206,96.5949,2.69607,47.1802,-0.480081,90.2971,3.14159,47.1802,0.480081,96.5949,-2.69607
triangle,17959,0,108.178,-1.80771,108.178,1.80771,78.9673,-1.33586,135.128,3.14159,78.9673,1.33586,29.3503,-2.80335,112.058,-1.97018,112.058,1.97018,29.3503,2.80335,61.0946,1.33526,59.2387,0.659399,18.719,0,59.2387,-0.659399,61.0946,-1.33526
triangle,11008,0,24.3514,-2.7438,24.3514,2.7438,3.7328,-1.82328,8.29389,3.14159,3.7328,1.82328,46.6551,-1.48221,47.1269,-1.51361,47.1269,1.51361,46.6551,1.48221,9.09346,2.82295,12.4991,-1.3157,27.3953,0,12.4991,1.3157,9.09346,-2.82295
triangle,23158,0,156.947,-3.08972,156.947,3.08972,146.7,-2.15896,62.5295,3.14159,146.7,2.15896,90.2779,-2.14373,87.7529,-2.27051,87.7529,2.27051,90.2779,2.14373,52.2234,-2.8137,62.1657,2.57765,9.35729,0,62.1657,-2.57765,52.2234,2.8137
triangle,23889,0,165.174,-2.03846,165.174,2.03846,139.058,-0.949328,193.083,3.14159,139.058,0.949328,21.8578,2.5004,86.3591,-1.86207,86.3591,1.86207,21.8578,-2.5004,92.3889,1.36374,106.036,0.920824,4.91774,3.14159,106.036,-0.920824,92.3889,-1.36374
triangle,21024,0,62.8916,-3.135,62.8916,3.135,48.2825,-3.0777,77.039,3.14159,48.2825,3.0777,38.7065,-3.11176,42.2889,-3.07614,42.2889,3.07614,38.7065,3.11176,33.967,3.07855,32.4527,3.13659,49.1268,3.14159,32.4527,-3.13659,33.967,-3.07855
triangle,-nan,-nan,-nan,-nan,-nan,-nan,-nan,-nan,-nan,-nan,-nan,-nan,-nan,-nan,-nan,-nan,-nan,-nan,-nan,-nan,-nan,-nan,-nan,-nan,-nan,-nan,-nan,-nan,-nan,-nan
triangle,23712,0,159.603,1.55855,159.603,-1.55855,97.7232,1.56562,38.8487,3.14159,97.7232,-1.56562,150.922,-1.02951,108.642,-2.25673,108.642,2.25673,150.922,1.02951,69.4106,-2.19603,16.2877,-0.608824,69.8301,0,16.2877,0.608824,69.4106,2.19603
triangle,6.16922e+303,3.14159,6.11354e+303,2.23286,6.11354e+303,-2.23286,6.05837e+303,1.32412,5.94752e+303,3.14159,6.05837e+303,-1.32412,6.00369e+303,0.415385,5.784e+303,2.23286,5.784e+303,-2.23286,6.00369e+303,-0.415385,5.94951e+303,-0.493351,5.62294e+303,1.32412,5.51607e+303,3.14159,5.62294e+303,-1.32412,5.94951e+303,0.493351
triangle,-nan,-nan,-nan,-nan,-nan,-nan,-nan,-nan,-nan,-nan,-nan,-nan,-nan,-nan,-nan,-nan,-nan,-nan,-nan,-nan,-nan,-nan,-nan,-nan,-nan,-nan,-nan,-nan,-nan,-nan
triangle,-nan,-nan,-nan,-nan,-nan,-nan,-nan,-nan,-nan,-nan,-nan,-nan,-nan,-nan,-nan,-nan,-nan,-nan,-nan,-nan,-nan,-nan,-nan,-nan,-nan,-nan,-nan,-nan,-nan,-nan
triangle,-nan,-nan,-nan,-nan,-nan,-nan,-nan,-nan,-nan,-nan,-nan,-nan,-nan,-nan,-nan,-nan,-nan,-nan,-nan,-nan,-nan,-nan,-nan,-nan,-nan,-nan,-nan,-nan,-nan,-nan
triangle,16436,0,145.775,-2.00658,145.775,2.00658,31.228,-0.166487,157.61,3.14159,31.228,0.166487,40.9098,2.99115,56.9025,-2.45092,56.9025,2.45092,40.9098,-2.99115,27.6756,2.82787,47.5115,-3.00899,12.473,3.14159,47.5115,3.00899,27.6756,-2.82787
triangle,20912,0,54.8698,-1.42717,54.8698,1.42717,35.5207,0.616522,18.0437,0,35.5207,-0.616522,11.439,-2.32921,28.1716,1.29573,28.1716,-1.29573,11.439,2.32921,9.00203,-0.912851,40.0078,-2.96209,32.6165,0,40.0078,2.96209,9.00203,0.912851
triangle,29955,0,122.182,-2.18535,122.182,2.18535,53.6504,-1.5263,68.3197,3.14159,53.6504,1.5263,36.456,-1.5368,7.10031,1.49727,7.10031,-1.49727,36.456,1.5368,30.4183,-1.51656,19.9313,2.40873,18.4856,0,19.9313,-2.40873,30.4183,1.51656
triangle,-nan,-nan,-nan,-nan,-nan,-nan,-nan,-nan,-nan,-nan,-nan,-nan,-nan,-nan,-nan,-nan,-nan,-nan,-nan,-nan,-nan,-nan,-nan,-nan,-nan,-nan,-nan,-nan,-nan,-nan
triangle,24074,0,132.63,-0.511896,132.63,0.511896,69.5106,-0.879369,146.729,3.14159,69.5106,0.879369,71.0238,1.89943,219.56,-2.07856,219.56,2.07856,71.0238,-1.89943,64.0243,1.8726,177.33,0.72895,32.117,0,177.33,-0.72895,64.0243,-1.8726
triangle,28195,0,210.953,3.13453,210.953,-3.13453,80.9149,-2.78144,119.26,3.14159,80.9149,2.78144,101.321,-2.45837,167.037,-2.13649,167.037,2.13649,101.321,2.45837,86.2964,-2.83711,31.0935,-2.43503,39.989,3.14159,31.0935,2.43503,86.2964,2.83711
triangle,23297,0,123.087,-2.87385,123.087,2.87385,74.5339,-2.10956,164.538,3.14159,74.5339,2.10956,100.415,-1.66321,84.227,-2.22196,84.227,2.22196,100.415,1.66321,20.527,0.652445,23.0335,0.33554,34.8386,0,23.0335,-0.33554,20.527,-0.652445
triangle,29051,0,121.884,-2.61871,121.884,2.61871,12.1223,1.66907,284.613,3.14159,12.1223,-1.66907,138.319,2.89442,137.713,-2.31131,137.713,2.31131,138.319,-2.89442,165.417,3.09794,43.406,0.174218,137.095,3.14159,43.406,-0.174218,165.417,-3.09794
triangle,18940,0,68.8504,-3.08589,68.8504,3.08589,11.9982,0.430687,25.3988,3.14159,11.9982,-0.430687,21.3646,0.27146,31.9635,-0.580519,31.9635,0.580519,21.3646,-0.27146,9.62092,-2.11173,31.2375,0.171786,21.8583,0,31.2375,-0.171786,9.62092,2.11173
triangle,32783,0,191.831,-2.83333,191.831,2.83333,96.1641,0.0343165,459.103,3.14159,96.1641,-0.0343165,15.3869,2.98476,249.436,-1.64779,249.436,1.64779,15.3869,-2.98476,330.47,-3.08236,200.496,-0.00385848,145.999,3.14159,200.496,0.00385848,330.47,3.08236
triangle,-nan,-nan,-nan,-nan,-nan,-nan,-nan,-nan,-nan,-nan,-nan,-nan,-nan,-nan,-nan,-nan,-nan,-nan,-nan,-nan,-nan,-nan,-nan,-nan,-nan,-nan,-nan,-nan,-nan,-nan
triangle,17525,0,78.735,2.96472,78.735,-2.96472,24.0192,3.07383,11.4043,3.14159,24.0192,-3.07383,19.6405,-1.54138,38.9541,-0.696852,38.9541,0.696852,19.6405,1.54138,28.1569,-1.67793,36.0465,-1.05695,36.7259,0,36.0465,1.05695,28.1569,1.67793
triangle,24334,0,75.5446,-2.62617,75.5446,2.62617,56.9157,0.323559,67.4958,0,56.9157,-0.323559,51.4873,-1.5643,80.4927,-1.04548,80.4927,1.04548,51.4873,1.5643,57.9591,-1.16671,50.495,-2.50657,21.9127,3.14159,50.495,2.50657,57.9591,1.16671
triangle,26169,0,182.111,-2.35476,182.111,2.35476,65.7474,-0.258978,98.2694,3.14159,65.7474,0.258978,67.4596,0.545825,53.6375,-0.564002,53.6375,0.564002,67.4596,-0.545825,43.1547,0.444363,45.0564,0.312511,7.79723,3.14159,45.0564,-0.312511,43.1547,-0.444363
triangle,36792,0,255.212,-2.00409,255.212,2.00409,293.495,-0.674998,211.413,3.14159,293.495,0.674998,108.68,2.57103,198.551,-1.49238,198.551,1.49238,108.68,-2.57103,109.412,2.11773,107.342,0.869523,162.818,3.14159,107.342,-0.869523,109.412,-2.11773
triangle,19403,0,64.3121,-2.07287,64.3121,2.07287,98.791,-0.0912152,71.4269,3.14159,98.791,0.0912152,84.4227,1.60647,7.16327,2.10162,7.16327,-2.10162,84.4227,-1.60647,93.0799,2.53493,63.4466,0.858508,65.7171,3.14159,63.4466,-0.858508,93.0799,-2.53493
triangle,-nan,-nan,-nan,-nan,-nan,-nan,-nan,-nan,-nan,-nan,-nan,-nan,-nan,-nan,-nan,-nan,-nan,-nan,-nan,-nan,-nan,-nan,-nan,-nan,-nan,-nan,-nan,-nan,-nan,-nan
triangle,18401,0,33.8232,-2.7013,33.8232,2.7013,68.1432,1.77368,21.4358,3.14159,68.1432,-1.77368,11.4094,-2.98275,18.2593,1.48563,18.2593,-1.48563,11.4094,2.98275,38.7431,-0.2968,32.135,-0.665507,13.7908,3.14159,32.135,0.665507,38.7431,0.2968
triangle,18041,0,66.2031,-1.73346,66.2031,1.73346,46.0782,2.21317,103.535,0,46.0782,-2.21317,337.618,-2.1811,85.1928,-2.97735,85.1928,2.97735,337.618,2.1811,58.9115,0.844681,130.652,-2.6706,162.281,0,130.652,2.6706,58.9115,-0.844681
triangle,28024,0,165.891,-3.01626,165.891,3.01626,100.019,-2.81349,122.766,3.14159,100.019,2.81349,79.0024,-2.67274,88.8312,-2.96039,88.8312,2.96039,79.0024,2.67274,73.754,3.07818,70.4393,3.10407,36.0121,3.14159,70.4393,-3.10407,73.754,-3.07818
triangle,34698,0,226.776,-2.09185,226.776,2.09185,146.396,0.361724,249.596,0,146.396,-0.361724,90.1798,-1.77222,168.625,-0.0297277,168.625,0.0297277,90.1798,1.77222,70.5591,0.0238638,141.647,2.6868,53.3321,0,141.647,-2.6868,70.5591,-0.0238638
triangle,12594,0,113.716,-2.00552,113.716,2.00552,121.629,1.02127,41.3785,3.14159,121.629,-1.02127,43.1556,-1.60504,68.7027,-1.99632,68.7027,1.99632,43.1556,1.60504,54.2664,-0.577477,89.4289,-1.9722,102.523,0,89.4289,1.9722,54.2664,0.577477
triangle,18382,0,57.351,-2.88283,57.351,2.88283,35.2804,1.90495,57.9801,3.14159,35.2804,-1.90495,12.7211,-2.91287,20.3361,-1.68034,20.3361,1.68034,12.7211,2.91287,41.9355,-0.169285,21.2454,0.861556,5.11172,0,21.2454,-0.861556,41.9355,0.169285
triangle,20101,0,144.038,-2.01417,144.038,2.01417,5.85826,-2.09692,137.721,3.14159,5.85826,2.09692,49.4165,-2.2572,99.3659,-2.11162,99.3659,2.11162,49.4165,2.2572,4.93756,-1.66286,27.6172,0.651124,11.1786,3.14159,27.6172,-0.651124,4.93756,1.66286
triangle,24706,0,112.496,-3.05539,112.496,3.05539,104.506,-3.13801,146.008,3.14159,104.506,3.13801,87.1646,-2.94177,73.4932,-3.04929,73.4932,3.04929,87.1646,2.94177,58.3088,-3.00712,55.57,-3.11523,95.276,3.14159,55.57,3.11523,58.3088,3.00712
triangle,22495,0,70.9177,-3.14126,70.9177,3.14126,14.6278,0.834259,2.71183,0,14.6278,-0.834259,51.4997,0.195136,35.5082,0.0586267,35.5082,-0.0586267,51.4997,-0.195136,5.6679,2.85748,33.4365,0.224678,21.3491,0,33.4365,-0.224678,5.6679,-2.85748
triangle,26661,0,229.84,-1.98626,229.84,1.98626,142.126,-1.09917,248.127,3.14159,142.126,1.09917,107.632,-1.62876,107.901,-2.20532,107.901,2.20532,107.632,1.62876,78.6677,0.347203,65.4379,1.81128,101.676,0,65.4379,-1.81128,78.6677,-0.347203
triangle,24830,0,165.935,-2.09911,165.935,2.09911,40.87,-2.17322,176.834,3.14159,40.87,2.17322,52.6193,-1.48257,92.9075,-2.05002,92.9075,2.05002,52.6193,1.48257,42.4729,1.78432,11.0782,2.2357,78.1111,0,11.0782,-2.2357,42.4729,-1.78432
triangle,29854,0,90.2919,-2.73666,90.2919,2.73666,32.1712,-2.36057,197.554,3.14159,32.1712,2.36057,119.819,-3.09609,89.616,2.99804,89.616,-2.99804,119.819,3.09609,120.934,3.03175,83.598,-3.00599,80.8984,3.14159,83.598,3.00599,120.934,-3.03175
triangle,20948,0,17.2244,-1.64024,17.2244,1.64024,11.7932,-2.46806,52.3186,3.14159,11.7932,2.46806,20.2933,3.05734,48.9314,-2.56028,48.9314,2.56028,20.2933,-3.05734,43.5153,2.75487,11.7091,2.77889,28.5289,3.14159,11.7091,-2.77889,43.5153,-2.75487
triangle,-nan,-nan,-nan,-nan,-nan,-nan,-nan,-nan,-nan,-nan,-nan,-nan,-nan,-nan,-nan,-nan,-nan,-nan,-nan,-nan,-nan,-nan,-nan,-nan,-nan,-nan,-nan,-nan,-nan,-nan
triangle,30626,0,170.949,-3.07861,170.949,3.07861,80.2064,3.05032,102.29,0,80.2064,-3.05032,85.3437,-2.04112,83.7561,-2.54638,83.7561,2.54638,85.3437,2.04112,39.6969,2.62298,71.8943,-2.8817,28.8998,3.14159,71.8943,2.8817,39.6969,-2.62298
triangle,-nan,-nan,-nan,-nan,-nan,-nan,-nan,-nan,-nan,-nan,-nan,-nan,-nan,-nan,-nan,-nan,-nan,-nan,-nan,-nan,-nan,-nan,-nan,-nan,-nan,-nan,-nan,-nan,-nan,-nan
circle,17312,0,112.2,-1.85518,112.2,1.85518,55.8211,-2.93673,128.124,3.14159,55.8211,2.93673,3.57015,-2.19847,70.7052,-3.05089,70.7052,3.05089,3.57015,2.19847,24.1015,3.0865,56.6086,-1.45355,59.2529,0,56.6086,1.45355,24.1015,-3.0865
circle,23012,0,90.5882,-1.65833,90.5882,1.65833,58.7126,-0.192283,178.585,3.14159,58.7126,0.192283,68.5261,2.59692,146.664,0.0652808,146.664,-0.0652808,68.5261,-2.59692,74.2327,-0.076811,39.4315,0.694482,13.6759,0,39.4315,-0.694482,74.2327,0.076811
circle,16209,0,106.015,1.21745,106.015,-1.21745,5.7997,1.52487,55.9172,3.14159,5.7997,-1.52487,27.7798,1.51364,17.6255,-1.52248,17.6255,1.52248,27.7798,-1.51364,31.1413,3.13308,36.1448,-2.07385,231.089,0,36.1448,2.07385,31.1413,-3.13308
circle,25205,0,114.945,-3.05031,114.945,3.05031,26.8267,-2.98845,12.9499,0,26.8267,2.98845,14.5228,0.288971,30.1577,0.052691,30.1577,-0.052691,14.5228,-0.288971,3.84894,1.55783,9.28182,0.136389,14.025,0,9.28182,-0.136389,3.84894,-1.55783
circle,-nan,-nan,-nan,-nan,-nan,-nan,-nan,-nan,-nan,-nan,-nan,-nan,-nan,-nan,-nan,-nan,-nan,-nan,-nan,-nan,-nan,-nan,-nan,-nan,-nan,-nan,-nan,-nan,-nan,-nan
circle,15861,0,57.2292,-1.22399,57.2292,1.22399,153.481,2.82167,145.95,3.14159,153.481,-2.82167,84.3722,-1.82175,122.812,-0.375287,122.812,0.375287,84.3722,1.82175,19.7423,0.660502,29.7015,2.2453,143.313,0,29.7015,-2.2453,19.7423,-0.660502
circle,34604,0,223.852,-2.64658,223.852,2.64658,68.812,-1.42194,174.669,3.14159,68.812,1.42194,107.794,0.171131,182.67,-0.0470599,182.67,0.0470599,107.794,-0.171131,52.205,2.60063,125.022,0.385531,19.4408,0,125.022,-0.385531,52.205,-2.60063
circle,9519,0,19.6181,-3.00922,19.6181,3.00922,81.96,3.05899,64.0587,3.14159,81.96,-3.05899,41.4088,-2.74079,49.7335,2.98524,49.7335,-2.98524,41.4088,2.74079,34.758,2.73105,15.911,-2.6577,48.5894,0,15.911,2.6577,34.758,-2.73105
circle,7.89701e+240,3.14159,6.88863e+240,2.57274,6.88863e+240,-2.57274,6.00902e+240,2.0039,4.12103e+240,3.14159,6.00902e+240,-2.0039,5.24172e+240,1.43505,1.9479e+240,2.57274,1.9479e+240,-2.57274,5.24172e+240,-1.43505,4.5724e+240,0.866201,2.62551e+239,2.0039,7.22691e+239,0,2.62551e+239,-2.0039,4.5724e+240,-0.866201
circle,8001,0,41.3881,-2.05876,41.3881,2.05876,5.85085,-2.31855,13.4024,3.14159,5.85085,2.31855,36.5276,2.55075,6.44565,2.44357,6.44565,-2.44357,36.5276,-2.55075,26.9125,3.01812,14.8632,-0.499677,166.152,0,14.8632,0.499677,26.9125,-3.01812
circle,1.76586e+289,3.14159,1.71488e+289,2.22422,1.71488e+289,-2.22422,1.66538e+289,1.30685,1.5649e+289,3.14159,1.66538e+289,-1.30685,1.6173e+289,0.389483,1.42214e+289,2.22422,1.42214e+289,-2.22422,1.6173e+289,-0.389483,1.57062e+289,-0.527887,1.28632e+289,1.30685,1.19728e+289,3.14159,1.28632e+289,-1.30685,1.57062e+289,0.527887
circle,28355,0,472.055,-2.5038,472.055,2.5038,32.4084,-2.34206,366.145,3.14159,32.4084,2.34206,70.6744,0.702303,270.005,-0.44244,270.005,0.44244,70.6744,-0.702303,53.3264,-1.36904,254.372,0.0619582,40.1773,0,254.372,-0.0619582,53.3264,1.36904
circle,15130,0,77.604,-2.14026,77.604,2.14026,64.1205,0.434877,59.3698,3.14159,64.1205,-0.434877,21.3322,1.83902,40.1818,-0.0552859,40.1818,0.0552859,21.3322,-1.83902,26.9993,-1.43791,8.40808,1.07178,23.7052,0,8.40808,-1.07178,26.9993,1.43791
circle,11872,0,24.8909,0.841786,24.8909,-0.841786,57.6266,-0.0239463,77.3075,3.14159,57.6266,0.0239463,37.6781,2.66565,45.8985,-1.78617,45.8985,1.78617,37.6781,-2.66565,19.6509,1.81672,18.7788,2.77156,22.6022,0,18.7788,-2.77156,19.6509,-1.81672
circle,-nan,-nan,-nan,-nan,-nan,-nan,-nan,-nan,-nan,-nan,-nan,-nan,-nan,-nan,-nan,-nan,-nan,-nan,-nan,-nan,-nan,-nan,-nan,-nan,-nan,-nan,-nan,-nan,-nan,-nan
circle,18527,0,18.3359,2.68143,18.3359,-2.68143,18.0327,-3.12923,64.775,3.14159,18.0327,3.12923,6.07862,1.73916,25.6433,3.11353,25.6433,-3.11353,6.07862,-1.73916,20.6676,1.1792,13.2434,1.8314,29.5964,3.14159,13.2434,-1.8314,20.6676,-1.1792
circle,5190,0,25.3434,1.38397,25.3434,-1.38397,5.09235,-0.452154,7.95598,0,5.09235,0.452154,0.871739,-0.021689,29.1149,-1.73944,29.1149,1.73944,0.871739,0.021689,3.04301,0.363778,12.3463,2.65853,1.87223,3.14159,12.3463,-2.65853,3.04301,-0.363778
circle,-nan,-nan,-nan,-nan,-nan,-nan,-nan,-nan,-nan,-nan,-nan,-nan,-nan,-nan,-nan,-nan,-nan,-nan,-nan,-nan,-nan,-nan,-nan,-nan,-nan,-nan,-nan,-nan,-nan,-nan
circle,16255,0,56.1104,-1.5935,56.1104,1.5935,77.5786,2.57731,20.7482,3.14159,77.5786,-2.57731,25.9885,-2.64513,9.45574,-2.74034,9.45574,2.74034,25.9885,2.64513,25.2589,3.02395,13.6007,0.5776,117.837,0,13.6007,-0.5776,25.2589,-3.02395
circle,13551,0,48.3706,-2.65707,48.3706,2.65707,32.3242,2.58388,52.6703,3.14159,32.3242,-2.58388,38.155,3.11629,16.7693,-2.36062,16.7693,2.36062,38.155,-3.11629,39.5817,3.1346,27.6262,-2.96225,17.1734,3.14159,27.6262,2.96225,39.5817,-3.1346
circle,22322,0,30.89,-1.83869,30.89,1.83869,23.2523,2.54955,112.345,3.14159,23.2523,-2.54955,30.8629,1.38024,80.3742,-2.67489,80.3742,2.67489,30.8629,-1.38024,62.9165,3.12846,38.8401,0.652111,85.5553,0,38.8401,-0.652111,62.9165,-3.12846
circle,19151,0,66.0073,-1.73667,66.0073,1.73667,62.2065,1.61368,139.476,3.14159,62.2065,-1.61368,34.1769,2.65574,63.5043,-2.81252,63.5043,2.81252,34.1769,-2.65574,44.6565,-2.17986,25.6939,1.05846,63.6812,0,25.6939,-1.05846,44.6565,2.17986
circle,-nan,-nan,-nan,-nan,-nan,-nan,-nan,-nan,-nan,-nan,-nan,-nan,-nan,-nan,-nan,-nan,-nan,-nan,-nan,-nan,-nan,-nan,-nan,-nan,-nan,-nan,-nan,-nan,-nan,-nan
circle,5.48746e+303,3.14159,4.6473e+303,2.26553,4.6473e+303,-2.26553,3.93578e+303,1.38948,2.38409e+303,3.14159,3.93578e+303,-1.38948,3.33319e+303,0.513419,7.04954e+302,2.26553,7.04954e+302,-2.26553,3.33319e+303,-0.513419,2.82286e+303,-0.36264,5.15896e+302,-1.75212,1.19004e+303,0,5.15896e+302,1.75212,2.82286e+303,0.36264
circle,15743,0,28.4899,-0.0601393,28.4899,0.0601393,95.5776,2.85663,249.082,3.14159,95.5776,-2.85663,48.4758,2.71065,176.911,-0.252351,176.911,0.252351,48.4758,-2.71065,41.6682,-0.00257891,115.879,1.67777,94.4955,0,115.879,-1.67777,41.6682,0.00257891
circle,25143,0,118.371,-2.5958,118.371,2.5958,61.2789,-1.08285,122.287,0,61.2789,1.08285,83.771,-3.02859,45.0301,-0.379699,45.0301,0.379699,83.771,3.02859,36.8865,2.72537,136.867,-3.06757,263.71,0,136.867,3.06757,36.8865,-2.72537
circle,15309,0,140.165,-1.50946,140.165,1.50946,152.976,2.42931,245.588,3.14159,152.976,-2.42931,116.617,-2.0579,79.7166,-0.801404,79.7166,0.801404,116.617,2.0579,24.3169,-0.164165,63.7724,1.95472,16.9563,3.14159,63.7724,-1.95472,24.3169,0.164165
circle,5.48747e+303,3.14159,5.3168e+303,2.50268,5.3168e+303,-2.50268,5.15145e+303,1.86376,4.81542e+303,3.14159,5.15145e+303,-1.86376,4.99123e+303,1.22485,4.34009e+303,2.50268,4.34009e+303,-2.50268,4.99123e+303,-1.22485,4.836e+303,0.585937,3.88966e+303,1.86376,3.59479e+303,3.14159,3.88966e+303,-1.86376,4.836e+303,-0.585937
circle,-nan,-nan,-nan,-nan,-nan,-nan,-nan,-nan,-nan,-nan,-nan,-nan,-nan,-nan,-nan,-nan,-nan,-nan,-nan,-nan,-nan,-nan,-nan,-nan,-nan,-nan,-nan,-nan,-nan,-nan
circle,18313,0,41.7147,2.75502,41.7147,-2.75502,34.5539,-0.0764155,53.3562,3.14159,34.5539,0.0764155,12.315,-0.333729,58.5924,-0.201671,58.5924,0.201671,12.315,0.333729,18.7992,0.0645089,19.7932,0.501084,3.05483,0,19.7932,-0.501084,18.7992,-0.0645089
circle,24045,0,205.589,3.1104,205.589,-3.1104,62.5819,-0.812135,651.998,0,62.5819,0.812135,37.6055,-0.842736,97.748,0.00858172,97.748,-0.00858172,37.6055,0.842736,27.1906,3.09663,79.7699,2.39699,16.7434,3.14159,79.7699,-2.39699,27.1906,-3.09663
circle,19149,0,50.4261,-1.05582,50.4261,1.05582,40.8483,2.87117,183.407,3.14159,40.8483,-2.87117,57.1745,3.12249,82.2268,-1.76501,82.2268,1.76501,57.1745,-3.12249,68.641,-2.94479,108.577,2.44387,8.38779,3.14159,108.577,-2.44387,68.641,2.94479
circle,15961,0,54.722,-2.88104,54.722,2.88104,29.1716,-1.36441,102.733,3.14159,29.1716,1.36441,29.6384,2.39226,20.7051,-0.415596,20.7051,0.415596,29.6384,-2.39226,22.632,0.074529,56.0276,1.39034,21.1746,0,56.0276,-1.39034,22.632,-0.074529
circle,-nan,-nan,-nan,-nan,-nan,-nan,-nan,-nan,-nan,-nan,-nan,-nan,-nan,-nan,-nan,-nan,-nan,-nan,-nan,-nan,-nan,-nan,-nan,-nan,-nan,-nan,-nan,-nan,-nan,-nan
circle,27266,0,125.518,-2.59229,125.518,2.59229,72.528,0.243546,163.976,3.14159,72.528,-0.243546,57.1588,-2.72083,65.363,-0.657419,65.363,0.657419,57.1588,2.72083,62.2888,-1.13575,47.7227,0.728975,58.9331,0,47.7227,-0.728975,62.2888,1.13575
circle,15371,0,1.41421,-2.35619,1.41421,2.35619,7.0144e-12,-3.13998,22.6882,3.14159,7.0144e-12,3.13998,1.41421,2.35619,1.41421,-2.35619,1.41421,2.35619,1.41421,-2.35619,13.7772,-3.14159,1.94387e-12,0.00945254,22.454,3.14159,1.94387e-12,-0.00945254,13.7772,3.14159
circle,20699,0,126.396,-1.53277,126.396,1.53277,141.355,0.809998,213.3,3.14159,141.355,-0.809998,75.1955,-3.08183,84.463,-1.57028,84.463,1.57028,75.1955,3.08183,72.3558,-2.43951,30.1482,3.07486,9.18463,3.14159,30.1482,-3.07486,72.3558,2.43951
circle,13752,0,73.595,-2.17174,73.595,2.17174,40.3817,2.32824,78.5498,3.14159,40.3817,-2.32824,29.3741,-2.24959,24.2191,0.93583,24.2191,-0.93583,29.3741,2.24959,14.0809,-1.15328,12.46,-1.32495,48.5803,0,12.46,1.32495,14.0809,1.15328
circle,-nan,-nan,-nan,-nan,-nan,-nan,-nan,-nan,-nan,-nan,-nan,-nan,-nan,-nan,-nan,-nan,-nan,-nan,-nan,-nan,-nan,-nan,-nan,-nan,-nan,-nan,-nan,-nan,-nan,-nan
circle,15735,0,61.6677,3.0524,61.6677,-3.0524,41.8243,3.09534,74.2339,3.14159,41.8243,-3.09534,30.3308,-3.04986,31.2851,3.12746,31.2851,-3.12746,30.3308,3.04986,36.2132,-3.09624,16.5535,-3.07895,37.2033,3.14159,16.5535,3.07895,36.2132,3.09624
circle,17995,0,114.756,-2.07864,114.756,2.07864,26.62,1.67191,79.2658,3.14159,26.62,-1.67191,48.7161,-2.61344,36.1923,-2.45758,36.1923,2.45758,48.7161,2.61344,23.7217,-2.36101,46.638,2.89306,106.928,0,46.638,-2.89306,23.7217,2.36101
circle,-nan,-nan,-nan,-nan,-nan,-nan,-nan,-nan,-nan,-nan,-nan,-nan,-nan,-nan,-nan,-nan,-nan,-nan,-nan,-nan,-nan,-nan,-nan,-nan,-nan,-nan,-nan,-nan,-nan,-nan
circle,15648,0,143.486,-2.82483,143.486,2.82483,13.2004,-0.421738,209.712,3.14159,13.2004,0.421738,21.4524,-2.06616,51.901,-2.43747,51.901,2.43747,21.4524,2.06616,25.0595,-2.47299,58.6283,-2.2893,148.74,0,58.6283,2.2893,25.0595,2.47299
circle,-nan,-nan,-nan,-nan,-nan,-nan,-nan,-nan,-nan,-nan,-nan,-nan,-nan,-nan,-nan,-nan,-nan,-nan,-nan,-nan,-nan,-nan,-nan,-nan,-nan,-nan,-nan,-nan,-nan,-nan
circle,17367,0,82.8783,-2.24574,82.8783,2.24574,44.0547,2.5016,118.296,3.14159,44.0547,-2.5016,61.7325,-2.85687,17.8338,-1.21593,17.8338,1.21593,61.7325,2.85687,23.4225,2.84739,22.407,2.14777,34.7255,0,22.407,-2.14777,23.4225,-2.84739
circle,-nan,-nan,-nan,-nan,-nan,-nan,-nan,-nan,-nan,-nan,-nan,-nan,-nan,-nan,-nan,-nan,-nan,-nan,-nan,-nan,-nan,-nan,-nan,-nan,-nan,-nan,-nan,-nan,-nan,-nan
circle,22431,0,27.9688,2.63956,27.9688,-2.63956,63.3098,-2.96312,72.2866,3.14159,63.3098,2.96312,22.957,3.05903,35.9855,-2.60299,35.9855,2.60299,22.957,-3.05903,45.3136,-3.0017,30.9209,-3.12164,38.8536,0,30.9209,3.12164,45.3136,3.0017
circle,17527,0,141.963,-2.68881,141.963,2.68881,113.064,2.76561,214.708,3.14159,113.064,-2.76561,37.1849,-2.98246,25.5966,1.24825,25.5966,-1.24825,37.1849,2.98246,25.0392,2.89938,10.6963,-0.430207,113.697,0,10.6963,0.430207,25.0392,-2.89938
circle,30342,0,191.267,-2.8612,191.267,2.8612,152.705,-2.74576,308.152,3.14159,152.705,2.74576,100.311,2.80957,61.7756,-3.06082,61.7756,3.06082,100.311,-2.80957,116.4,-2.90263,59.3958,3.13191,124.946,3.14159,59.3958,-3.13191,116.4,2.90263
circle,24000,0,132.891,-2.6436,132.891,2.6436,25.5459,-1.80119,55.7531,3.14159,25.5459,1.80119,46.0927,2.77863,20.8033,0.404958,20.8033,-0.404958,46.0927,-2.77863,50.7579,3.09787,44.3233,1.98668,17.5456,0,44.3233,-1.98668,50.7579,-3.09787
circle,17698,0,131.993,1.0513,131.993,-1.0513,120.761,-2.41901,135.755,3.14159,120.761,2.41901,72.7828,2.54656,65.2228,-2.75747,65.2228,2.75747,72.7828,-2.54656,53.495,-2.85259,85.6487,2.87903,10.7819,0,85.6487,-2.87903,53.495,2.85259
circle,-nan,-nan,-nan,-nan,-nan,-nan,-nan,-nan,-nan,-nan,-nan,-nan,-nan,-nan,-nan,-nan,-nan,-nan,-nan,-nan,-nan,-nan,-nan,-nan,-nan,-nan,-nan,-nan,-nan,-nan
circle,26250,0,122.711,-2.34688,122.711,2.34688,105.612,2.64586,373.018,3.14159,105.612,-2.64586,94.8334,3.11264,194.472,-0.29223,194.472,0.29223,94.8334,-3.11264,65.1505,-2.50193,41.6431,0.943235,336.648,0,41.6431,-0.943235,65.1505,2.50193
circle,14705,0,82.2443,-1.99451,82.2443,1.99451,75.691,-2.96029,134.587,3.14159,75.691,2.96029,77.1713,2.86295,82.9474,-0.706691,82.9474,0.706691,77.1713,-2.86295,56.3481,-2.77614,99.043,1.86177,20.7522,3.14159,99.043,-1.86177,56.3481,2.77614
circle,-nan,-nan,-nan,-nan,-nan,-nan,-nan,-nan,-nan,-nan,-nan,-nan,-nan,-nan,-nan,-nan,-nan,-nan,-nan,-nan,-nan,-nan,-nan,-nan,-nan,-nan,-nan,-nan,-nan,-nan
circle,24762,0,359.561,1.32381,359.561,-1.32381,644.815,3.11672,997.857,3.14159,644.815,-3.11672,689.476,-1.93298,689.255,-1.81036,689.255,1.81036,689.476,1.93298,585.511,-2.63982,643.997,2.74131,592.365,0,643.997,-2.74131,585.511,2.63982
circle,20173,0,51.804,-2.87783,51.804,2.87783,32.4775,-2.04197,134.509,3.14159,32.4775,2.04197,68.3585,-2.90987,100.379,2.81642,100.379,-2.81642,68.3585,2.90987,72.0945,3.01635,67.0796,-2.7346,65.8396,0,67.0796,2.7346,72.0945,-3.01635
circle,39802,0,354.566,-2.95053,354.566,2.95053,18.9195,0.0218337,302.649,3.14159,18.9195,-0.0218337,79.7689,-1.40857,144.698,-0.479591,144.698,0.479591,79.7689,1.40857,120.352,-1.97128,72.5778,0.500553,138.448,0,72.5778,-0.500553,120.352,1.97128
circle,-nan,-nan,-nan,-nan,-nan,-nan,-nan,-nan,-nan,-nan,-nan,-nan,-nan,-nan,-nan,-nan,-nan,-nan,-nan,-nan,-nan,-nan,-nan,-nan,-nan,-nan,-nan,-nan,-nan,-nan
circle,11734,0,42.8745,2.89223,42.8745,-2.89223,65.9252,0.260357,109.149,3.14159,65.9252,-0.260357,19.8044,-1.86039,40.5675,-0.310604,40.5675,0.310604,19.8044,1.86039,28.7433,-2.79304,33.1656,-0.437002,42.3233,0,33.1656,0.437002,28.7433,2.79304
circle,-nan,-nan,-nan,-nan,-nan,-nan,-nan,-nan,-nan,-nan,-nan,-nan,-nan,-nan,-nan,-nan,-nan,-nan,-nan,-nan,-nan,-nan,-nan,-nan,-nan,-nan,-nan,-nan,-nan,-nan
circle,-nan,-nan,-nan,-nan,-nan,-nan,-nan,-nan,-nan,-nan,-nan,-nan,-nan,-nan,-nan,-nan,-nan,-nan,-nan,-nan,-nan,-nan,-nan,-nan,-nan,-nan,-nan,-nan,-nan,-nan
circle,18660,0,50.4266,-2.39162,50.4266,2.39162,85.2037,0.0907764,81.9622,3.14159,85.2037,-0.0907764,78.8134,-2.98316,67.0232,-0.63553,67.0232,0.63553,78.8134,2.98316,20.2752,-1.00842,78.515,1.93183,41.9508,0,78.515,-1.93183,20.2752,1.00842
circle,22216,0,171.5,-1.74215,171.5,1.74215,134.247,2.45345,370.09,3.14159,134.247,-2.45345,83.6474,-3.10093,192.709,-0.596998,192.709,0.596998,83.6474,3.10093,89.75,-0.883411,80.4636,1.71026,41.5182,0,80.4636,-1.71026,89.75,0.883411
circle,5.31409e+303,3.14159,5.22584e+303,2.13366,5.22584e+303,-2.13366,5.13905e+303,1.12574,4.96402e+303,3.14159,5.13905e+303,-1.12574,5.05371e+303,0.117808,4.70946e+303,2.13366,4.70946e+303,-2.13366,5.05371e+303,-0.117808,4.96979e+303,-0.89012,4.46198e+303,1.12574,4.29848e+303,3.14159,4.46198e+303,-1.12574,4.96979e+303,0.89012
circle,16622,0,22.6723,2.89251,22.6723,-2.89251,27.5803,3.00114,62.3032,3.14159,27.5803,-3.00114,12.7545,-1.99074,34.8238,3.12369,34.8238,-3.12369,12.7545,1.99074,52.1049,-2.89533,21.3789,-2.91549,10.9793,3.14159,21.3789,2.91549,52.1049,2.89533
circle,25526,0,84.0068,2.40846,84.0068,-2.40846,92.5766,-2.37041,120.77,3.14159,92.5766,2.37041,85.8984,-1.58701,162.996,0.320658,162.996,-0.320658,85.8984,1.58701,36.4709,1.22062,3.07337,-2.73206,54.6485,0,3.07337,2.73206,36.4709,-1.22062
circle,17424,0,114.568,0.319395,114.568,-0.319395,26.4683,-2.6119,127.322,3.14159,26.4683,2.6119,35.8953,-0.633021,46.7795,-0.0884767,46.7795,0.0884767,35.8953,0.633021,34.899,-3.01139,57.8658,1.88751,1.53353,3.14159,57.8658,-1.88751,34.899,3.01139
circle,17679,0,17.7292,1.79161,17.7292,-1.79161,111.885,2.94125,89.7731,3.14159,111.885,-2.94125,103.846,-2.49977,40.1375,-1.34788,40.1375,1.34788,103.846,2.49977,24.6301,-2.98345,80.1033,2.7507,106.336,0,80.1033,-2.7507,24.6301,2.98345
circle,-nan,-nan,-nan,-nan,-nan,-nan,-nan,-nan,-nan,-nan,-nan,-nan,-nan,-nan,-nan,-nan,-nan,-nan,-nan,-nan,-nan,-nan,-nan,-nan,-nan,-nan,-nan,-nan,-nan,-nan
circle,18510,0,128.287,-2.67638,128.287,2.67638,50.6835,-0.831966,42.8251,3.14159,50.6835,0.831966,15.3846,-2.58424,97.0175,0.0682646,97.0175,-0.0682646,15.3846,2.58424,24.2018,0.830946,5.23837,-2.09464,151.969,0,5.23837,2.09464,24.2018,-0.830946
circle,17382,0,37.5004,0.861143,37.5004,-0.861143,45.4071,3.00429,35.8051,0,45.4071,-3.00429,14.297,-2.02059,19.9037,-1.79757,19.9037,1.79757,14.297,2.02059,7.22349,-2.25145,32.5265,-2.38457,203.438,0,32.5265,2.38457,7.22349,2.25145
circle,11765,0,90.791,2.37667,90.791,-2.37667,13.5671,2.47671,31.27,3.14159,13.5671,-2.47671,27.3701,-2.10641,50.693,-2.16486,50.693,2.16486,27.3701,2.10641,22.2223,-2.41819,21.1371,-1.97603,89.0662,0,21.1371,1.97603,22.2223,2.41819
circle,12862,0,124.526,3.10254,124.526,-3.10254,27.67,-2.07131,17.4604,0,27.67,2.07131,20.4152,-2.66356,36.1072,0.426114,36.1072,-0.426114,20.4152,2.66356,12.0161,2.25802,28.9901,1.89877,143.633,0,28.9901,-1.89877,12.0161,-2.25802
circle,17425,0,62.5683,-2.41968,62.5683,2.41968,39.3892,1.41457,140.38,3.14159,39.3892,-1.41457,107.413,-2.91733,40.36,-1.18533,40.36,1.18533,107.413,2.91733,40.7,-2.23622,60.6587,1.35828,51.5849,3.14159,60.6587,-1.35828,40.7,2.23622
circle,4.15448e+294,3.14159,3.98351e+294,2.55772,3.98351e+294,-2.55772,3.81958e+294,1.97385,3.48467e+294,3.14159,3.81958e+294,-1.97385,3.66239e+294,1.38998,3.02015e+294,2.55772,3.02015e+294,-2.55772,3.66239e+294,-1.38998,3.51167e+294,0.806111,2.58796e+294,1.97385,2.30705e+294,3.14159,2.58796e+294,-1.97385,3.51167e+294,-0.806111
circle,28964,0,152.812,-2.81898,152.812,2.81898,113.474,-2.97692,534.754,3.14159,113.474,2.97692,75.4611,-2.03987,344.443,-0.110967,344.443,0.110967,75.4611,2.03987,26.8488,2.86943,121.29,0.191714,129.147,3.14159,121.29,-0.191714,26.8488,-2.86943
circle,-nan,-nan,-nan,-nan,-nan,-nan,-nan,-nan,-nan,-nan,-nan,-nan,-nan,-nan,-nan,-nan,-nan,-nan,-nan,-nan,-nan,-nan,-nan,-nan,-nan,-nan,-nan,-nan,-nan,-nan
circle,26398,0,121.761,-0.622865,121.761,0.622865,135.729,-0.130833,682.847,3.14159,135.729,0.130833,170.976,3.13435,132.162,1.49845,132.162,-1.49845,170.976,-3.13435,117.714,3.06511,119.902,2.92131,334.787,0,119.902,-2.92131,117.714,-3.06511
circle,14840,0,79.2484,-1.59878,79.2484,1.59878,53.1785,-0.132704,74.0126,3.14159,53.1785,0.132704,42.6082,0.957671,41.3828,-1.94065,41.3828,1.94065,42.6082,-0.957671,44.6876,2.32065,30.3061,-0.75123,29.093,3.14159,30.3061,0.75123,44.6876,-2.32065
circle,18074,0,26.0071,2.2483,26.0071,-2.2483,20.8778,1.40669,21.0814,3.14159,20.8778,-1.40669,12.8045,0.837123,18.2945,-1.0059,18.2945,1.0059,12.8045,-0.837123,3.14187,-1.58405,18.1807,-1.57463,0.671326,0,18.1807,1.57463,3.14187,1.58405
circle,-nan,-nan,-nan,-nan,-nan,-nan,-nan,-nan,-nan,-nan,-nan,-nan,-nan,-nan,-nan,-nan,-nan,-nan,-nan,-nan,-nan,-nan,-nan,-nan,-nan,-nan,-nan,-nan,-nan,-nan
circle,28582,0,881.014,-0.646782,881.014,0.646782,769.275,2.75436,449.115,0,769.275,-2.75436,399.242,-2.42115,581.123,0.377253,581.123,-0.377253,399.242,2.42115,689.131,-0.0823882,104.392,-2.3747,1473.71,0,104.392,2.3747,689.131,0.0823882
circle,24661,0,68.2961,-1.68444,68.2961,1.68444,41.4125,0.432416,49.8474,0,41.4125,-0.432416,59.7225,-0.608379,167.819,-0.192206,167.819,0.192206,59.7225,0.608379,22.6146,3.08098,60.2661,2.3471,80.087,3.14159,60.2661,-2.3471,22.6146,-3.08098
circle,-nan,-nan,-nan,-nan,-nan,-nan,-nan,-nan,-nan,-nan,-nan,-nan,-nan,-nan,-nan,-nan,-nan,-nan,-nan,-nan,-nan,-nan,-nan,-nan,-nan,-nan,-nan,-nan,-nan,-nan
circle,6267,0,27.1461,-3.09082,27.1461,3.09082,35.8902,2.75919,10.7748,3.14159,35.8902,-2.75919,24.6819,-3.01095,24.5307,-2.78731,24.5307,2.78731,24.6819,3.01095,25.8129,3.05198,13.106,-2.18987,11.2276,3.14159,13.106,2.18987,25.8129,-3.05198
circle,14634,0,70.475,3.1237,70.475,-3.1237,84.9991,-0.59628,136.786,3.14159,84.9991,0.59628,22.2796,-1.80986,8.92778,-0.13011,8.92778,0.13011,22.2796,1.80986,30.8824,2.78019,26.1498,-0.988998,54.9187,0,26.1498,0.988998,30.8824,-2.78019
circle,-nan,-nan,-nan,-nan,-nan,-nan,-nan,-nan,-nan,-nan,-nan,-nan,-nan,-nan,-nan,-nan,-nan,-nan,-nan,-nan,-nan,-nan,-nan,-nan,-nan,-nan,-nan,-nan,-nan,-nan
circle,20132,0,84.6082,3.08685,84.6082,-3.08685,46.6158,-0.0836821,111.62,3.14159,46.6158,0.0836821,7.50564,0.399311,69.6551,-1.38455,69.6551,1.38455,7.50564,-0.399311,24.61,-2.36742,32.4373,1.38473,148.083,0,32.4373,-1.38473,24.61,2.36742
circle,3.31419e+249,0,3.22643e+249,-0.934721,3.22643e+249,0.934721,3.141e+249,-1.86944,2.96781e+249,0,3.141e+249,1.86944,3.05783e+249,-2.80416,2.72062e+249,-0.934721,2.72062e+249,0.934721,3.05783e+249,2.80416,2.97686e+249,2.5443,2.48444e+249,-1.86944,2.32935e+249,0,2.48444e+249,1.86944,2.97686e+249,-2.5443
circle,24770,0,226.608,2.94503,226.608,-2.94503,73.3079,-2.82113,157.144,3.14159,73.3079,2.82113,103.829,3.09817,32.7631,3.0841,32.7631,-3.0841,103.829,-3.09817,71.8126,-3.0166,78.7649,2.91229,198.218,0,78.7649,-2.91229,71.8126,3.0166
circle,14572,0,77.9789,-2.51869,77.9789,2.51869,65.4868,1.30425,106.767,3.14159,65.4868,-1.30425,68.7984,-2.71057,83.442,-0.537333,83.442,0.537333,68.7984,2.71057,34.7152,-0.912879,60.7064,1.53895,28.0673,0,60.7064,-1.53895,34.7152,0.912879
circle,-nan,-nan,-nan,-nan,-nan,-nan,-nan,-nan,-nan,-nan,-nan,-nan,-nan,-nan,-nan,-nan,-nan,-nan,-nan,-nan,-nan,-nan,-nan,-nan,-nan,-nan,-nan,-nan,-nan,-nan
circle,-nan,-nan,-nan,-nan,-nan,-nan,-nan,-nan,-nan,-nan,-nan,-nan,-nan,-nan,-nan,-nan,-nan,-nan,-nan,-nan,-nan,-nan,-nan,-nan,-nan,-nan,-nan,-nan,-nan,-nan
circle,-nan,-nan,-nan,-nan,-nan,-nan,-nan,-nan,-nan,-nan,-nan,-nan,-nan,-nan,-nan,-nan,-nan,-nan,-nan,-nan,-nan,-nan,-nan,-nan,-nan,-nan,-nan,-nan,-nan,-nan
circle,22294,0,113.257,-2.50044,113.257,2.50044,68.048,0.0289516,5.34311,0,68.048,-0.0289516,25.9223,-0.397025,105.071,-0.100897,105.071,0.100897,25.9223,0.397025,13.7908,0.1196,54.119,1.38289,10.1572,0,54.119,-1.38289,13.7908,-0.1196
circle,18082,0,66.3889,1.86952,66.3889,-1.86952,136.353,2.94274,285.536,3.14159,136.353,-2.94274,47.2751,-2.56326,252.857,-0.23842,252.857,0.23842,47.2751,2.56326,35.2885,0.0341828,28.3127,1.94886,98.9273,0,28.3127,-1.94886,35.2885,-0.0341828
circle,-nan,-nan,-nan,-nan,-nan,-nan,-nan,-nan,-nan,-nan,-nan,-nan,-nan,-nan,-nan,-nan,-nan,-nan,-nan,-nan,-nan,-nan,-nan,-nan,-nan,-nan,-nan,-nan,-nan,-nan
circle,11692,0,455.108,-1.78848,455.108,1.78848,783.296,1.13144,64.1705,3.14159,783.296,-1.13144,98.9399,-0.270725,712.216,-0.750253,712.216,0.750253,98.9399,0.270725,155.714,0.138322,514.564,1.72628,2063.15,0,514.564,-1.72628,155.714,-0.138322
circle,39559,0,431.393,-2.51419,431.393,2.51419,114.537,0.70872,343.04,3.14159,114.537,-0.70872,163.021,2.45366,214.564,-0.614744,214.564,0.614744,163.021,-2.45366,42.8486,-1.30165,134.014,0.683743,225.031,0,134.014,-0.683743,42.8486,1.30165
circle,16977,0,69.1743,-2.6129,69.1743,2.6129,34.2577,2.58369,69.9693,3.14159,34.2577,-2.58369,11.9199,-1.42033,48.7353,-0.439811,48.7353,0.439811,11.9199,1.42033,30.1149,-0.177297,33.8507,0.790359,0.866973,3.14159,33.8507,-0.790359,30.1149,0.177297
circle,36213,0,18058.7,-1.21862,18058.7,1.21862,17908.5,-2.43647,17873.3,0,17908.5,2.43647,17772.4,2.63236,17831,-1.20223,17831,1.20223,17772.4,-2.63236,17849.4,1.41664,17644.1,-2.43736,17380.6,0,17644.1,2.43736,17849.4,-1.41664
circle,14290,0,49.1211,1.90873,49.1211,-1.90873,87.9479,3.07744,153.687,0,87.9479,-3.07744,119.188,-2.50463,105.781,-2.40052,105.781,2.40052,119.188,2.50463,17.3896,2.6913,80.2422,-2.67042,45.4544,0,80.2422,2.67042,17.3896,-2.6913
circle,-nan,-nan,-nan,-nan,-nan,-nan,-nan,-nan,-nan,-nan,-nan,-nan,-nan,-nan,-nan,-nan,-nan,-nan,-nan,-nan,-nan,-nan,-nan,-nan,-nan,-nan,-nan,-nan,-nan,-nan
circle,36362,0,139.867,-2.79727,139.867,2.79727,28.5143,-3.00563,86.3402,3.14159,28.5143,3.00563,20.0412,2.3333,12.6044,0.466927,12.6044,-0.466927,20.0412,-2.3333,4.81542,3.08141,22.669,1.16727,40.4347,0,22.669,-1.16727,4.81542,-3.08141
circle,8452,0,21.091,-3.02278,21.091,3.02278,16.5069,2.86278,11.2478,3.14159,16.5069,-2.86278,21.0427,3.06169,17.0704,-3.0392,17.0704,3.0392,21.0427,-3.06169,29.4151,-3.0849,22.8864,-2.87256,8.57851,3.14159,22.8864,2.87256,29.4151,3.0849
circle,-nan,-nan,-nan,-nan,-nan,-nan,-nan,-nan,-nan,-nan,-nan,-nan,-nan,-nan,-nan,-nan,-nan,-nan,-nan,-nan,-nan,-nan,-nan,-nan,-nan,-nan,-nan,-nan,-nan,-nan
circle,19677,0,184.884,1.04394,184.884,-1.04394,77.6249,-0.967432,67.9569,3.14159,77.6249,0.967432,3.9541,1.15036,9.7286,2.58501,9.7286,-2.58501,3.9541,-1.15036,25.8845,-2.19811,13.2383,-3.12292,55.1209,0,13.2383,3.12292,25.8845,2.19811
circle,-nan,-nan,-nan,-nan,-nan,-nan,-nan,-nan,-nan,-nan,-nan,-nan,-nan,-nan,-nan,-nan,-nan,-nan,-nan,-nan,-nan,-nan,-nan,-nan,-nan,-nan,-nan,-nan,-nan,-nan
circle,9159,0,86.271,-1.82452,86.271,1.82452,92.2075,-0.148106,139.316,3.14159,92.2075,0.148106,6.49203,-0.811051,10.0146,-2.65702,10.0146,2.65702,6.49203,0.811051,16.5602,2.88928,17.7316,-1.13477,59.3955,0,17.7316,1.13477,16.5602,-2.88928
circle,11228,0,50.7688,3.09627,50.7688,-3.09627,38.9081,3.13081,59.8628,3.14159,38.9081,-3.13081,27.5835,-3.11638,28.2473,-3.06179,28.2473,3.06179,27.5835,3.11638,30.1741,-3.13282,18.0416,-3.10338,35.2535,3.14159,18.0416,3.10338,30.1741,3.13282
circle,33594,0,99.5544,-2.915,99.5544,2.915,60.1358,-0.352147,39.7224,0,60.1358,0.352147,52.3685,0.0489969,91.72,0.356182,91.72,-0.356182,52.3685,-0.0489969,7.66316,1.05794,31.6196,2.33992,11.8596,0,31.6196,-2.33992,7.66316,-1.05794
circle,9740,0,14.5868,1.32849,14.5868,-1.32849,14.8333,1.60858,13.4879,0,14.8333,-1.60858,8.39264,3.01337,25.7506,-1.46906,25.7506,1.46906,8.39264,-3.01337,11.5547,3.12245,5.84151,-0.774775,22.1677,0,5.84151,0.774775,11.5547,-3.12245
circle,32626,0,89.9488,-2.86085,89.9488,2.86085,199.576,0.557341,514.554,3.14159,199.576,-0.557341,33.719,0.763871,42.2041,-1.76184,42.2041,1.76184,33.719,-0.763871,93.0396,3.02697,84.8508,0.322391,230.64,3.14159,84.8508,-0.322391,93.0396,-3.02697
