categoria,m1,m2,m3,m4,m5,m6,m7
circle,0.169527,0.000232155,7.38899e-08,2.4814e-07,3.29258e-14,1.94296e-09,-6.69683e-15
circle,0.178547,0.00288204,3.58833e-08,1.44493e-07,9.90438e-15,7.6163e-09,-3.18671e-15
circle,0.172001,0.000218473,5.3338e-09,2.15886e-07,-6.33755e-15,-1.36125e-09,3.6746e-15
circle,0.169983,0.000802172,7.46869e-10,2.91063e-08,8.06536e-17,-7.62175e-10,-1.0914e-16
circle,0.17953,0.000175706,6.35621e-08,5.43926e-07,5.40431e-14,4.95078e-09,8.54867e-14
circle,0.179619,0.0021976,2.53144e-07,3.24693e-07,-7.70451e-14,-9.31712e-09,-5.22439e-14
circle,0.173499,0.00188194,2.44885e-07,5.33764e-08,5.78409e-15,2.19238e-09,1.94538e-15
circle,0.173238,0.000810832,6.04248e-08,2.53827e-07,-2.8729e-14,-6.79516e-09,1.27595e-14
circle,0.17415,0.000663039,2.2376e-07,3.19171e-08,-1.56721e-15,-8.109e-10,2.19526e-15
circle,0.17661,0.000137738,4.41826e-08,1.49403e-07,-1.14573e-14,1.6957e-09,-4.00918e-15
circle,0.178613,0.00352091,1.68179e-08,2.92063e-07,1.99885e-14,1.70381e-08,-4.40965e-15
circle,0.176283,0.0010484,3.06059e-07,5.83001e-07,-1.62216e-13,1.11153e-08,1.85293e-13
circle,0.17514,0.00242153,5.53371e-09,1.87914e-07,-5.14735e-15,9.05156e-09,-3.19753e-15
circle,0.168863,3.84768e-05,7.26607e-08,4.78834e-08,-2.76899e-15,-1.58022e-10,5.56735e-16
circle,0.177924,0.00296572,8.50173e-08,2.03548e-07,2.60156e-14,9.65303e-09,-6.33816e-15
circle,0.167297,1.70934e-05,3.02483e-08,7.76515e-09,-1.1861e-16,-3.90414e-12,-9.72692e-18
circle,0.171541,0.000903168,1.65307e-08,1.8659e-07,-4.78815e-15,-1.29595e-09,-9.19029e-15
circle,0.204747,0.0137051,9.13749e-08,2.89e-07,4.69088e-14,3.30111e-08,2.26483e-15
circle,0.171973,0.000307461,9.93633e-09,1.04076e-07,1.26704e-15,1.0575e-09,-3.09775e-15
circle,0.167638,1.4215e-05,2.58553e-09,1.35009e-08,6.67003e-17,6.74018e-12,4.37459e-17
circle,0.169405,0.000264428,1.11697e-07,6.74899e-08,-3.39748e-15,-1.04464e-09,-4.77429e-15
circle,0.169935,0.000164541,2.8769e-08,1.01219e-07,5.38434e-15,8.52819e-11,9.18017e-16
circle,0.170308,0.000806673,2.82831e-09,4.78719e-08,4.04534e-16,1.23687e-09,-3.8294e-16
circle,0.172451,0.00190821,4.99921e-09,1.7432e-09,-4.73767e-18,6.82503e-11,2.00895e-18
circle,0.180723,0.00246628,8.79909e-08,2.40411e-07,-2.52533e-14,-1.05639e-08,2.4185e-14
circle,0.180382,0.00152847,6.62577e-09,2.23692e-07,-6.1566e-15,-8.46471e-09,-6.0216e-15
circle,0.17221,0.000922508,3.35577e-07,7.18461e-07,-4.3097e-14,7.5762e-09,-3.50135e-13
circle,0.171411,0.000410477,6.65977e-08,4.15697e-08,-1.02212e-15,2.05141e-10,-1.93371e-15
circle,0.171831,0.000848358,1.55712e-07,2.58602e-07,2.64064e-14,3.14175e-09,4.46718e-14
circle,0.177958,0.00342182,9.54247e-09,2.3753e-09,-6.87142e-18,-5.20149e-11,-8.98151e-18
circle,0.178793,1.15833e-05,3.12464e-08,4.89871e-07,4.49904e-14,1.65161e-09,-4.06089e-14
circle,0.169507,4.21762e-05,1.92442e-08,8.72673e-08,-2.07995e-15,-5.59618e-10,2.90918e-15
circle,0.170703,0.000750915,2.45399e-09,1.30987e-09,-1.75402e-18,-2.99399e-11,1.56158e-18
circle,0.187257,0.00642698,6.47163e-08,7.33925e-07,1.02526e-13,4.97309e-08,1.2277e-13
circle,0.171318,0.00112713,6.54294e-09,1.15439e-08,-5.30621e-17,3.49834e-10,-8.51464e-17
circle,0.166658,0,0,0,0,0,0
circle,0.168816,4.22382e-06,2.28196e-08,8.18848e-08,-2.70967e-15,9.1233e-11,-2.27744e-15
circle,0.173658,0.00154935,5.13421e-08,3.14618e-07,3.69585e-14,1.10731e-08,-1.5264e-14
circle,0.178438,0.00357332,2.94241e-07,7.37751e-08,-1.08471e-14,-4.26976e-09,-7.00716e-16
circle,0.167177,0.000144424,2.22057e-10,2.96621e-10,-5.08299e-20,3.11986e-12,5.66704e-20
circle,0.17177,2.7929e-05,1.9178e-08,1.32211e-07,4.98426e-15,6.22419e-10,4.4134e-15
circle,0.171459,0.000454224,4.9525e-08,4.09601e-08,6.49598e-16,8.68083e-10,-1.72667e-15
circle,0.171636,4.25692e-06,2.12447e-08,2.19892e-07,-5.06282e-15,-4.01744e-10,-1.41509e-14
circle,0.188808,0.00755404,1.79036e-08,2.89208e-08,4.7224e-16,1.33788e-09,4.58336e-16
circle,0.168678,6.36022e-05,3.4296e-08,6.05788e-08,2.7366e-15,4.02873e-10,3.67977e-16
circle,0.185649,0.00196629,2.49465e-07,4.79972e-07,-1.36438e-13,-2.03366e-08,-9.47035e-14
circle,0.168513,0.000180454,8.16186e-09,2.43487e-08,2.22036e-17,-1.47696e-10,3.42529e-16
circle,0.171743,0.000614164,2.69336e-09,1.57229e-07,2.9839e-15,3.72488e-09,-1.25105e-15
circle,0.167715,0.000109783,7.2579e-08,1.98008e-08,7.06302e-16,2.04205e-10,-2.54151e-16
circle,0.168786,0.000183138,3.58754e-10,9.19942e-08,2.23448e-16,-2.10643e-10,4.78931e-16
circle,0.170109,0.000135663,6.60012e-08,5.95877e-07,-5.15702e-14,-2.63852e-10,1.06325e-13
circle,0.197759,0.00832464,4.69463e-07,2.55114e-08,1.47287e-15,1.84941e-09,-2.37179e-15
circle,0.174679,0.000318731,2.92745e-08,7.91058e-08,3.79741e-15,-1.86399e-10,-2.66792e-16
circle,0.174408,0.000555502,1.96272e-08,9.52651e-08,1.3277e-15,2.21719e-09,-3.89953e-15
circle,0.170369,0.00100651,1.62973e-08,1.96309e-08,1.5279e-16,-1.29606e-10,3.16146e-16
circle,0.196195,0.00112983,1.40733e-05,1.00782e-05,8.65534e-11,1.37242e-07,-8.31548e-11
circle,0.169376,0.000100689,7.51969e-09,4.80359e-08,-6.74879e-16,-3.2172e-10,-6.14836e-16
circle,0.171339,0.00082675,1.77351e-07,7.34423e-08,-1.38153e-15,6.4877e-10,8.26713e-15
circle,0.180897,0.000826592,2.26288e-07,1.5287e-06,8.97637e-13,4.02449e-08,5.146e-14
circle,0.175083,0.00206372,3.73236e-07,8.90686e-09,4.26392e-16,1.15805e-10,2.86215e-16
circle,0.181781,0.00386359,1.87005e-07,9.12908e-08,-6.79933e-16,1.30697e-09,1.19086e-14
circle,0.179387,0.00128889,6.10793e-08,1.16242e-07,9.72594e-15,3.69346e-09,-1.15838e-15
circle,0.17256,0.000963378,7.31455e-08,2.14997e-08,-5.45361e-16,-4.051e-10,6.55363e-16
circle,0.174839,0.00131702,1.15469e-08,2.98751e-07,1.14397e-14,5.15534e-09,1.33049e-14
circle,0.181725,0.00241675,8.95718e-08,6.99082e-08,-9.03381e-16,2.86688e-09,5.45769e-15
circle,0.167319,5.49412e-06,2.0783e-08,1.91744e-09,6.81151e-18,-2.09955e-12,1.00057e-17
circle,0.178349,0.00227215,3.47949e-07,1.44542e-08,1.01643e-15,-1.83857e-10,-1.32715e-16
circle,0.16848,2.89721e-05,1.61774e-07,1.09945e-07,6.58395e-15,1.4927e-10,1.31015e-14
circle,0.177162,0.000966016,4.52603e-08,6.52684e-08,3.50775e-15,-2.99889e-10,5.29117e-16
circle,0.178858,0.00217343,2.22487e-07,7.10351e-07,2.40987e-13,3.31005e-08,1.4722e-13
circle,0.17419,0.00125291,1.82705e-07,2.15195e-07,-4.07527e-14,-4.28314e-09,1.2647e-14
circle,0.173905,2.60414e-07,6.39426e-09,3.34701e-08,-8.73422e-17,7.93872e-12,-4.81791e-16
circle,0.170862,8.76176e-05,5.38053e-08,2.54312e-07,8.2808e-15,-1.10234e-09,2.85726e-14
circle,0.172426,0.000455004,9.00695e-08,3.23784e-07,-4.03534e-14,-6.90066e-09,-3.78014e-14
circle,0.168069,7.33616e-05,1.57855e-07,1.61878e-08,6.16382e-16,4.52078e-11,5.38225e-16
circle,0.172312,0.000366225,6.96977e-08,1.1182e-06,-1.78271e-13,8.78812e-09,2.56258e-13
circle,0.172797,0.00113172,1.22498e-07,1.56224e-09,-1.79943e-17,-2.7168e-11,-1.19693e-17
circle,0.17598,0.00120727,5.58729e-08,1.4541e-08,3.90604e-16,2.54772e-10,1.38608e-16
circle,0.179516,2.01061e-06,1.62999e-07,2.41797e-07,-4.09619e-14,8.88757e-11,2.50285e-14
circle,0.168208,0.000115688,5.37912e-08,1.47854e-07,-7.09582e-15,-1.08407e-09,1.11137e-14
circle,0.167854,0.000247343,1.57872e-09,1.21344e-08,-5.24115e-17,-8.12767e-11,8.58836e-18
circle,0.176066,0.00309616,5.78516e-08,4.48722e-08,7.58692e-16,2.48288e-09,-2.15669e-15
circle,0.247045,0.0099905,8.96333e-06,2.94413e-05,4.72926e-10,2.77319e-06,-7.12789e-11
circle,0.183853,0.00457572,1.18193e-07,1.66155e-07,-1.12965e-15,3.64102e-09,2.32571e-14
circle,0.16829,0.000300324,8.63067e-09,1.03634e-08,9.695e-17,-1.55674e-10,1.43851e-17
circle,0.168705,6.10648e-05,2.3945e-09,7.45798e-10,-6.20038e-19,2.0267e-12,-7.80287e-19
circle,0.169809,0.000168099,7.78119e-09,9.20547e-08,-1.64468e-15,1.19011e-09,-1.83438e-15
circle,0.177344,0.00200206,1.49219e-07,4.70495e-08,3.88813e-15,1.65275e-09,6.51004e-16
circle,0.169924,3.76988e-07,1.79158e-09,1.07556e-07,5.72295e-17,-4.31569e-11,1.49194e-15
circle,0.177677,0.00248916,2.0406e-08,1.62914e-07,4.37094e-15,8.45938e-10,8.31436e-15
circle,0.17013,9.21929e-05,1.81413e-08,1.24597e-07,-4.71989e-15,-8.25191e-10,-3.57957e-15
circle,0.170794,0.000409111,1.28669e-07,1.14733e-07,-3.94743e-15,-7.90086e-10,1.33697e-14
circle,0.166946,9.62834e-05,0,0,0,0,0
circle,0.187361,0.00699262,2.366e-09,2.05286e-07,3.26863e-15,1.63226e-08,3.12807e-15
circle,0.174645,0.000167318,1.60736e-07,1.58088e-06,7.12112e-13,7.88317e-09,3.57708e-13
circle,0.176329,0.00277164,1.78563e-07,1.47403e-07,-1.34908e-14,-6.24862e-10,1.97456e-14
circle,0.176932,0.00157372,3.04527e-08,2.43316e-07,9.32062e-15,7.26386e-09,1.87563e-14
circle,0.173461,0.0010969,4.84198e-08,1.12405e-07,5.46645e-15,3.52729e-09,-6.23581e-15
circle,0.27269,0.000311441,4.12365e-06,4.11733e-05,2.39918e-10,4.69274e-07,-4.79859e-10
circle,0.17125,0.000471341,1.11307e-07,3.70906e-07,7.16133e-14,-1.41028e-09,2.34751e-14
circle,0.170776,0.00115285,1.61274e-08,2.05069e-08,3.39285e-16,6.80138e-10,-1.54811e-16
circle,0.18907,0.00588155,2.81282e-07,5.03554e-07,1.71753e-13,3.77778e-08,-8.01017e-14
circle,0.187497,0.00241527,5.13492e-08,4.16883e-07,6.02025e-14,1.39374e-08,9.79487e-15
circle,0.168229,0.000157055,1.96886e-08,1.12692e-07,-2.74047e-15,7.60506e-11,-4.54605e-15
circle,0.16863,0.000496601,9.94721e-11,1.80015e-08,-2.40627e-17,9.42106e-11,-1.12224e-18
circle,0.167221,9.78411e-06,8.99459e-10,4.17547e-10,2.55165e-19,-3.28363e-14,1.92155e-20
circle,0.172981,0.00166265,2.38023e-08,1.91988e-09,-1.24673e-17,-1.60042e-11,-3.60632e-18
circle,0.169756,2.63551e-06,2.81921e-10,3.83189e-07,-2.84886e-15,-4.68224e-10,2.78321e-15
circle,0.17165,0.00162459,1.69241e-09,1.51141e-09,1.48485e-18,4.70723e-11,1.90748e-18
circle,0.17119,6.43578e-05,3.83059e-09,3.20352e-07,-3.70517e-15,-2.4534e-09,-1.05928e-14
circle,0.167115,0.00012979,3.46927e-11,5.0165e-10,-6.23595e-20,5.03803e-12,-2.21576e-20
circle,0.177759,0.00354306,5.818e-08,3.60858e-08,-1.61911e-15,-1.08807e-09,3.35234e-16
circle,0.168918,0.000135892,7.64807e-09,3.10304e-08,-4.76407e-16,-2.78499e-10,3.93875e-17
circle,0.16881,7.71801e-07,1.16481e-07,3.75572e-08,-1.36039e-15,3.24309e-11,-2.07848e-15
square,0.172671,0.00071288,3.73133e-08,2.11874e-07,-5.63144e-15,3.87734e-09,1.79771e-14
square,0.167243,0.000155419,2.01504e-10,2.45783e-10,-4.70936e-20,9.16996e-13,-2.78213e-20
square,0.168063,2.92244e-05,3.88804e-09,1.10897e-07,1.86952e-15,5.92558e-10,1.34442e-15
square,0.183593,0.000655819,1.60703e-07,1.45841e-07,1.30464e-15,1.23402e-09,2.22889e-14
square,0.17779,0.00377427,4.69706e-10,1.0332e-08,-1.56301e-17,6.34187e-10,-1.65456e-17
square,0.174923,0.000237187,8.56745e-08,8.23257e-07,-2.97904e-14,6.57106e-10,-2.16601e-13
square,0.189975,0.000311549,3.65675e-07,4.17517e-06,-3.65164e-12,-5.58805e-08,3.64418e-12
square,0.171663,0.00028043,1.17152e-07,2.44775e-08,-2.57901e-16,3.981e-10,1.28514e-15
square,0.175046,0.00120423,7.75305e-08,8.42544e-07,1.28094e-14,-5.60082e-09,2.14959e-13
square,0.167266,6.22376e-05,2.01253e-09,2.93916e-10,1.00638e-19,-1.92251e-12,-2.02413e-19
square,0.169537,0.000345549,2.46822e-08,1.65097e-07,7.85976e-15,-3.25075e-10,7.02109e-15
square,0.176523,0.000907995,2.94123e-08,7.11408e-08,2.65113e-15,-7.21085e-10,1.88713e-15
square,0.176236,0.000835345,2.21192e-07,4.59878e-07,1.46262e-13,1.328e-08,-1.09639e-14
square,0.172242,0.000675903,1.1843e-07,5.6221e-08,1.61847e-15,-1.44962e-09,-4.29255e-15
square,0.169071,0.000614417,6.79556e-08,1.58711e-08,3.88189e-16,3.93128e-10,-3.47824e-16
square,0.167689,0.000308409,9.36722e-09,2.02556e-09,-4.26615e-18,7.33586e-12,7.72321e-18
square,0.171723,0.00158557,1.48626e-08,1.10666e-08,-9.36721e-17,-3.58443e-10,1.06627e-16
square,0.174909,0.000805564,7.27822e-08,2.99219e-07,-2.88292e-14,5.51691e-09,-3.34469e-14
square,0.177893,0.000274706,1.88812e-08,1.20845e-06,1.33042e-13,1.83734e-08,-1.24983e-13
square,0.178951,0.0035119,3.0566e-08,8.62472e-08,8.29118e-16,-3.05395e-09,4.34999e-15
square,0.168757,5.74135e-05,1.13208e-07,1.07449e-07,-1.09154e-14,5.73112e-10,4.61463e-15
square,0.184812,0.00292666,5.76827e-07,2.85622e-07,-6.0485e-14,-1.04278e-08,9.89052e-14
square,0.176096,0.00262128,6.42297e-08,4.03129e-08,2.04985e-15,-2.03051e-09,-7.76323e-17
square,0.172597,0.000748115,1.52926e-07,8.46989e-08,-9.14828e-15,-2.10185e-09,3.03815e-15
square,0.169007,0.000392647,4.59563e-09,1.81228e-08,-1.64317e-16,-1.58665e-10,1.88155e-17
square,0.176124,0.000365695,4.79172e-08,6.90585e-07,1.72496e-14,-4.29117e-09,-1.24434e-13
square,0.167041,8.52e-07,1.10777e-08,1.39367e-08,-1.46568e-16,1.0547e-11,9.22198e-17
square,0.17788,0.000479783,8.17083e-08,7.98407e-07,-1.42174e-13,9.05455e-09,1.46191e-13
square,0.167716,0.000257168,3.55226e-11,1.72592e-08,1.21077e-17,2.55284e-10,-6.0027e-18
square,0.172041,0.000111551,1.30283e-07,7.29297e-10,3.18236e-18,4.14944e-12,-6.35679e-18
square,0.168279,0.000285138,3.8398e-11,2.45896e-08,-2.37221e-17,-1.4306e-10,-2.85777e-18
square,0.173708,1.74617e-07,4.65748e-08,1.64442e-07,-3.82074e-15,6.78196e-11,-1.38747e-14
square,0.187413,0.00416988,2.64569e-08,3.4141e-08,5.17048e-17,5.16512e-10,1.02478e-15
square,0.179637,0.00303211,2.14694e-07,7.66837e-08,7.70065e-15,3.03287e-09,6.1247e-15
square,0.167976,1.54518e-05,5.60962e-08,4.76584e-09,-7.77377e-17,-1.81969e-11,5.39787e-18
square,0.171882,0.00173831,5.33135e-09,1.03499e-09,-2.4098e-18,-4.06022e-11,3.22023e-19
square,0.169989,3.423e-05,5.64775e-07,3.41888e-09,1.23159e-16,-1.55099e-12,-8.60317e-17
square,0.172059,0.00073551,6.61538e-08,8.26915e-09,-1.35733e-16,-8.45407e-11,1.37776e-16
square,0.176621,0.000938875,1.29618e-08,4.26162e-07,3.14996e-14,1.28781e-08,3.31319e-15
square,0.179353,0.0040063,1.94691e-07,2.58038e-08,-1.41548e-15,-1.06649e-09,-1.15819e-15
square,0.169152,0.000771785,6.30099e-10,3.85041e-09,3.24536e-18,1.01478e-10,-5.04349e-18
square,0.174496,0.000170708,1.17432e-07,5.2269e-07,9.4935e-14,5.62727e-09,-8.80726e-14
square,0.174257,0.000631685,1.29563e-06,8.97271e-07,3.88466e-13,2.00877e-08,8.86025e-13
square,0.173548,4.01846e-05,3.11513e-08,7.16972e-07,1.05041e-13,4.97171e-11,-2.1155e-14
square,0.168518,7.6045e-06,1.68613e-07,4.25646e-08,-6.92517e-16,-4.40704e-11,-3.53882e-15
square,0.170248,0.000376039,3.31919e-07,2.11689e-07,-2.13622e-14,4.0581e-09,5.18874e-14
square,0.176393,0.00128078,2.76967e-07,6.09926e-08,7.85839e-15,1.11021e-09,-1.04364e-15
square,0.168958,0.000452172,2.88105e-07,1.86375e-08,1.1935e-15,1.24918e-10,6.63845e-16
square,0.171352,0.000752708,8.0693e-07,8.94703e-08,-1.45217e-14,-2.44013e-09,-1.91585e-14
square,0.173092,0.0014088,7.2231e-08,4.61087e-07,6.209e-14,9.38663e-09,-5.67934e-14
square,0.171724,0.000861063,1.79163e-07,1.84568e-07,-2.20031e-14,-4.79716e-09,-2.53442e-14
square,0.173494,0.0019401,2.87838e-08,1.77934e-08,2.11185e-16,-7.49448e-10,-3.42862e-16
square,0.168228,0.000212155,7.12873e-09,4.53562e-09,2.43378e-17,5.04905e-11,-8.53378e-18
square,0.168571,0.000141978,2.66317e-08,1.03319e-07,-4.42292e-15,-8.94858e-10,3.13209e-15
square,0.168672,3.16668e-05,9.9303e-08,1.42025e-08,3.39759e-16,2.89061e-11,4.11154e-16
square,0.174527,0.00238803,1.78152e-07,5.52504e-08,5.43213e-15,2.40904e-09,-7.33918e-16
square,0.170068,0.000142822,2.41919e-07,1.49535e-07,2.75005e-14,1.23109e-09,7.25523e-15
square,0.167917,0.00024892,1.17605e-08,6.15528e-09,-5.16658e-17,6.85677e-11,-8.56073e-18
square,0.169351,9.88378e-06,6.86744e-08,1.90536e-08,-5.96645e-16,3.55011e-11,-3.4504e-16
square,0.171514,0.000113302,3.04237e-07,3.98788e-08,1.47706e-15,4.22507e-10,4.13679e-15
square,0.171837,0.000302381,3.43152e-07,9.60387e-08,-1.73034e-14,5.11296e-10,2.1351e-15
square,0.171321,0.000857896,1.69877e-06,1.37367e-07,-2.2505e-14,2.15677e-10,-6.2425e-14
square,0.168591,5.22364e-05,2.10531e-07,1.30839e-07,1.29628e-14,8.36056e-10,-1.74218e-14
square,0.170005,7.384e-06,3.3136e-07,3.85299e-07,4.73333e-14,1.69423e-10,-1.2928e-13
square,0.171923,0.00153728,8.18782e-08,2.98969e-08,-1.32532e-15,1.14584e-09,-6.56908e-16
square,0.17325,0.00064996,1.08913e-08,4.26995e-07,2.77283e-14,1.08443e-08,8.89109e-15
square,0.168288,0.000439815,4.49591e-08,5.99045e-11,-9.77337e-20,1.05998e-12,-1.06307e-20
square,0.174441,0.00231484,1.05331e-08,1.79469e-07,7.49862e-15,8.59645e-09,2.15829e-15
square,0.16929,1.86438e-06,3.27314e-08,8.75075e-08,-3.49899e-15,-1.33743e-11,-3.11291e-15
square,0.170987,0.000507825,5.99562e-08,1.75004e-07,-1.14633e-14,3.81553e-09,-1.3782e-14
square,0.170501,0.000547435,1.19198e-07,4.62444e-08,-2.70467e-16,-7.41058e-10,-3.42271e-15
square,0.202766,0.0116448,1.6479e-08,6.50523e-08,-1.86256e-15,-2.51742e-09,1.03312e-15
square,0.172588,0.00124133,3.32214e-08,1.20268e-07,5.70168e-15,3.5829e-09,5.02827e-15
square,0.216226,0.0179502,1.36588e-07,2.32346e-08,1.0851e-15,3.066e-09,-7.31989e-16
square,0.171859,5.36234e-07,1.86037e-07,1.938e-07,-1.05263e-14,-6.25452e-11,3.52608e-14
square,0.177147,0.000530956,6.26225e-07,3.52601e-09,-1.58325e-16,-2.91415e-11,-4.8845e-17
square,0.173459,0.00142346,2.93861e-08,1.49012e-07,-7.73212e-15,-4.19367e-09,-6.11925e-15
square,0.171907,0.000481146,1.22806e-07,1.88928e-07,-2.82647e-14,-4.06618e-09,5.40974e-15
square,0.169879,3.57537e-06,2.02604e-09,1.15058e-07,2.10015e-16,-2.172e-10,-1.74412e-15
square,0.177976,0.000366159,7.26782e-08,7.54311e-08,-3.60058e-15,-8.41095e-10,-4.2695e-15
square,0.169275,0.000433605,5.55627e-07,1.19548e-07,-3.04349e-14,2.48937e-09,4.80015e-15
square,0.17651,1.2394e-05,4.48813e-07,1.73108e-08,8.14264e-16,-6.05493e-11,1.29041e-15
square,0.174573,0.000382503,1.29033e-07,3.26726e-08,1.00452e-15,5.1904e-10,-1.86852e-15
square,0.172233,0.0015488,1.95071e-08,6.9937e-10,1.52394e-18,1.71871e-11,-2.08578e-18
square,0.171459,0.0011971,5.1875e-08,8.16519e-09,1.4994e-16,1.9836e-10,7.5878e-17
square,0.178493,0.000407227,1.55695e-07,4.66069e-07,1.18209e-13,6.35205e-09,-4.22986e-14
square,0.167944,1.25224e-05,2.43605e-08,3.93548e-08,-8.42909e-16,-1.06111e-10,8.79971e-16
square,0.172251,0.0013195,1.81674e-08,9.4841e-08,2.60071e-15,2.0249e-09,2.95542e-15
square,0.171531,0.00163272,4.11269e-08,4.55407e-10,1.92024e-18,1.05885e-11,-4.43953e-19
square,0.171664,0.000438099,2.09404e-07,7.95112e-08,-2.40817e-15,1.3648e-09,9.97309e-15
square,0.167403,0.000123413,2.42533e-07,3.69897e-09,-1.05412e-16,7.56069e-12,3.41046e-17
square,0.173587,3.00539e-06,1.63341e-07,2.47266e-08,7.29401e-16,-3.41883e-11,-1.39188e-15
square,0.171882,0.000384466,1.16163e-08,5.97414e-08,-1.50838e-15,-1.12168e-09,-4.48997e-16
square,0.176656,0.000184197,7.17192e-08,5.41966e-07,-2.25917e-14,-7.15928e-09,-1.04435e-13
square,0.16824,6.12009e-05,2.74982e-07,3.29927e-08,-1.10447e-15,-2.32069e-10,2.94205e-15
square,0.17272,0.00127623,6.28888e-08,3.79666e-07,-1.87161e-14,-2.24339e-09,5.56008e-14
square,0.168049,8.68876e-07,6.68496e-12,8.27031e-10,-1.94453e-20,-7.70679e-13,-5.83385e-20
square,0.170041,0.000665165,4.77281e-08,3.15487e-08,-1.10036e-15,-8.07934e-10,5.36572e-16
square,0.170872,9.6905e-05,4.92854e-08,4.92064e-08,9.62627e-16,-4.79592e-10,2.22381e-15
square,0.16685,4.06261e-05,2.05439e-12,5.95217e-12,2.03037e-23,-2.0564e-14,-4.58014e-24
square,0.184613,0.00534537,2.10167e-08,9.54616e-08,3.86711e-15,-4.12877e-09,-1.82443e-15
square,0.170923,0.0012584,9.31428e-10,2.12052e-09,-2.93222e-18,-6.99994e-11,5.32401e-19
square,0.16755,2.21483e-07,5.73891e-08,9.36006e-09,1.98016e-16,1.19359e-12,8.86074e-17
square,0.169544,9.29455e-05,1.46578e-07,3.02426e-07,3.33637e-14,2.44991e-09,5.42333e-14
square,0.168109,6.70563e-06,2.43146e-08,2.56913e-08,5.20523e-17,4.83284e-11,-6.40003e-16
square,0.17337,0.000371707,1.16934e-06,9.48185e-08,-3.0462e-14,-1.48866e-10,-8.30026e-15
square,0.176573,0.00190656,6.64191e-08,1.28184e-07,-7.04928e-15,5.4816e-09,9.49733e-15
square,0.167819,7.24201e-06,4.00793e-08,1.76981e-08,-4.71042e-16,-2.04725e-11,-1.72327e-17
square,0.175417,0.0011711,8.60265e-07,3.83576e-08,6.95393e-15,-4.95642e-10,-4.38916e-16
square,0.168409,0.000253859,3.4711e-08,2.31697e-08,-5.52032e-16,-2.86575e-10,-3.56381e-16
square,0.169999,0.000895416,3.24098e-08,3.6648e-09,3.55213e-17,8.32402e-11,-1.82614e-17
square,0.17342,0.00100301,1.74317e-08,8.35214e-08,-2.88521e-15,1.76935e-09,1.35344e-15
square,0.172482,0.000154673,2.74173e-07,1.64349e-07,-5.95798e-15,6.08037e-10,3.43744e-14
square,0.191764,0.00675047,3.00786e-07,2.89769e-07,6.15732e-14,2.36004e-08,-5.93895e-14
square,0.174317,0.00216273,1.12163e-08,4.84624e-08,3.08167e-16,-1.29133e-09,1.08704e-15
square,0.174697,0.000218616,1.63734e-07,6.76111e-08,-1.20294e-15,9.72972e-10,7.01126e-15
square,0.171712,6.34845e-05,7.43654e-08,1.2387e-08,3.53694e-16,1.13671e-12,-1.27447e-16
square,0.180907,0.000304295,1.17098e-06,8.23598e-08,3.09639e-15,1.23611e-09,-2.53888e-14
square,0.168618,0.000610864,1.69403e-09,2.07772e-09,-3.89229e-18,-3.29691e-11,2.1065e-19
square,0.168843,0.000501365,1.78382e-06,1.28905e-08,-1.51717e-15,-2.78764e-10,-1.2325e-15
square,0.168239,0.000421653,3.9692e-09,1.48802e-08,-1.48406e-17,3.04149e-10,1.13391e-16
square,0.171257,0.000968793,4.39692e-08,1.48596e-07,4.48314e-15,5.95915e-10,1.11431e-14
square,0.187061,0.00684546,3.30494e-07,2.80103e-08,2.38521e-15,8.39963e-10,1.2545e-15
square,0.173225,8.2156e-05,4.93035e-07,2.79465e-07,-6.56984e-14,2.30742e-09,-8.02799e-14
square,0.172865,0.000235646,2.57603e-08,1.1892e-07,-6.28472e-15,-1.33102e-10,1.95561e-15
square,0.17092,0.000272268,1.55165e-07,1.67104e-07,-2.62147e-14,-5.65072e-11,6.06704e-15
square,0.167606,3.73641e-06,1.5344e-07,6.20079e-08,-1.1701e-15,-1.13019e-10,5.93413e-15
square,0.180986,0.00326298,2.30674e-07,4.5981e-09,-1.07176e-16,-2.60488e-10,1.04586e-16
square,0.174467,0.00171286,7.79248e-08,1.71212e-07,-1.29799e-14,-3.36315e-09,1.49202e-14
triangle,0.174106,0.00172261,7.4918e-07,1.48949e-07,3.5483e-14,-1.27338e-09,3.48807e-14
triangle,0.168094,1.72294e-05,1.73287e-07,4.98677e-08,4.62661e-15,-2.06248e-10,2.89635e-16
triangle,0.170276,0.000111794,2.52909e-07,7.72081e-08,-4.18772e-15,-3.72512e-10,9.94298e-15
triangle,0.169596,0.000323358,3.9224e-07,1.21814e-07,2.55805e-14,-2.00181e-09,-7.39168e-15
triangle,0.169373,0.00054195,1.91998e-07,3.66208e-08,-2.66049e-15,-3.4057e-10,-1.53334e-15
triangle,0.168006,0.0002297,2.26049e-09,7.46796e-09,-2.70564e-17,-5.21739e-11,-1.44716e-17
triangle,0.168998,0.000156033,3.74769e-07,1.05964e-07,-1.93305e-14,-7.89065e-10,-8.4987e-15
triangle,0.172695,0.000602014,1.15442e-06,1.0696e-08,-7.70076e-16,2.14965e-10,-9.0533e-16
triangle,0.171162,0.00131715,9.90274e-09,6.75177e-09,4.43046e-17,2.39931e-10,3.29403e-17
triangle,0.174712,0.00206534,1.11139e-07,8.46712e-08,7.75486e-15,3.84777e-09,-2.70678e-15
triangle,0.173895,1.63286e-05,2.08695e-06,6.00299e-08,1.22398e-14,2.16777e-10,1.73679e-14
triangle,0.176278,0.000428341,3.72518e-06,9.19417e-08,2.48443e-14,-1.66907e-09,-4.77284e-14
triangle,0.167596,1.11611e-05,7.50545e-09,1.87009e-08,1.09792e-16,-6.23035e-11,-1.92438e-16
triangle,0.174366,0.000235334,6.40022e-07,1.72577e-08,-2.15354e-17,2.41949e-10,1.8136e-15
triangle,0.188449,0.0032142,2.48012e-06,8.92218e-07,1.32396e-12,5.05642e-08,9.29861e-14
triangle,0.168068,3.4307e-05,1.0735e-06,5.60824e-08,-1.34958e-14,3.2209e-10,-2.68708e-15
triangle,0.172858,0.000527395,2.28958e-06,1.34037e-07,6.45458e-14,-4.54709e-10,3.67065e-14
triangle,0.169672,5.92895e-06,4.68912e-08,9.69055e-08,-4.74621e-15,2.347e-10,4.48831e-15
triangle,0.181986,0.00140105,1.51401e-06,3.18677e-07,1.3823e-13,1.00325e-08,1.7289e-13
triangle,0.167209,2.02603e-05,1.20569e-07,1.45508e-08,2.17049e-16,-5.81972e-11,5.69504e-16
triangle,0.167685,0.000178835,7.09866e-10,2.71301e-09,-1.0544e-18,1.94983e-11,3.61435e-18
triangle,0.172796,6.38467e-05,5.88433e-07,9.28795e-08,1.98521e-14,6.99027e-10,8.79594e-15
triangle,0.184412,0.000204993,1.02474e-05,1.2583e-06,3.92917e-12,1.66905e-08,-2.23106e-12
triangle,0.170441,0.000882519,3.89974e-08,2.16598e-08,5.63466e-16,-2.5716e-10,2.80689e-16
triangle,0.168096,0.000175479,5.36108e-08,2.80385e-08,5.64754e-16,3.70258e-10,9.28859e-16
triangle,0.172812,0.000284866,5.26002e-07,6.40662e-08,1.08734e-14,-6.71557e-10,4.48179e-15
triangle,0.167794,0.000253874,1.54465e-09,2.26495e-10,1.30498e-19,-3.60609e-12,-3.02945e-20
triangle,0.184243,0.0025783,7.21188e-07,1.07201e-06,6.00488e-13,2.06068e-08,-7.26567e-13
triangle,0.181201,0.00317175,2.78289e-06,1.37582e-06,2.34547e-12,7.6046e-08,-1.32141e-12
triangle,0.172609,0.00131724,5.43441e-07,6.66344e-07,4.00794e-13,2.40124e-08,1.22672e-14
triangle,0.172868,0.001867,9.13722e-08,5.43399e-08,-3.72216e-15,-5.91317e-10,8.9819e-16
triangle,0.17193,0.000195121,3.41959e-07,6.94287e-07,2.34794e-14,-9.51733e-09,-3.3748e-13
triangle,0.169755,1.00403e-05,4.14467e-07,4.92355e-09,1.57723e-16,4.61309e-12,1.56816e-16
triangle,0.174,0.00220176,8.00338e-08,3.51335e-09,-5.83433e-17,4.13973e-11,-8.18027e-18
triangle,0.177488,0.000130523,4.77757e-07,3.2175e-08,3.77829e-15,-2.08186e-10,-1.27981e-15
triangle,0.180852,0.000581783,9.42572e-07,1.51487e-06,-9.5433e-13,-2.77313e-08,1.53817e-12
triangle,0.171873,4.81729e-05,8.82176e-08,3.02803e-07,2.29468e-14,-1.533e-09,4.38488e-14
triangle,0.178252,0.000891993,3.59455e-06,2.94088e-07,-2.89221e-13,2.35659e-09,8.8196e-14
triangle,0.179857,0.000628765,1.02297e-06,1.32489e-06,1.5407e-12,3.32216e-08,7.25942e-14
triangle,0.176598,0.000310189,2.97618e-06,4.78477e-07,-1.50204e-13,3.96084e-09,5.50871e-13
triangle,0.168223,1.45396e-05,5.28546e-07,1.31843e-07,3.4056e-14,-4.46909e-10,7.17704e-15
triangle,0.170053,0.000920876,2.37248e-08,7.26376e-09,2.27502e-17,1.17542e-10,9.26012e-17
triangle,0.180548,0.00244769,5.42194e-07,6.94651e-07,3.35604e-13,3.2238e-08,-2.62892e-13
triangle,0.177809,0.000157055,1.51849e-07,8.58421e-07,-1.31214e-13,6.76935e-09,2.80778e-13
triangle,0.172967,0.000239601,2.39338e-06,4.59513e-08,1.3029e-14,-5.6496e-10,-7.90356e-15
triangle,0.168163,3.69891e-05,1.15171e-07,1.24456e-07,-2.60216e-15,5.61524e-10,1.46712e-14
triangle,0.17363,0.000227185,3.60095e-07,3.85793e-07,1.65193e-14,3.03417e-09,-1.42842e-13
triangle,0.17108,0.000447821,1.70087e-07,1.37535e-07,2.09787e-14,-1.95696e-09,-1.54757e-15
triangle,0.184081,0.0038196,2.00378e-06,1.18954e-06,1.82812e-12,7.23031e-08,-1.75399e-13
triangle,0.179704,0.00397136,1.71061e-07,1.43821e-07,1.39938e-14,6.15596e-09,1.76934e-14
triangle,0.169136,3.57597e-05,2.67036e-07,7.149e-09,-8.21549e-17,4.15479e-11,3.01361e-16
triangle,0.173101,0.00175892,1.44574e-08,5.78625e-09,-2.11079e-18,1.95494e-10,-5.28804e-17
triangle,0.172596,0.000727099,4.86268e-07,1.09059e-07,-6.7705e-17,-2.92108e-09,-2.51147e-14
triangle,0.172489,0.000421364,2.07919e-06,1.65264e-07,8.48155e-14,1.54092e-09,4.68095e-14
triangle,0.174173,0.000834698,2.18459e-07,5.7916e-07,1.85313e-13,1.4326e-08,-8.99896e-14
triangle,0.171924,0.000245781,1.58331e-06,1.10921e-07,3.08015e-14,1.68909e-09,3.48143e-14
triangle,0.175187,0.00124878,3.0735e-08,3.69822e-07,3.79696e-14,9.40378e-09,1.06248e-14
triangle,0.180406,0.00203354,9.89038e-07,8.09426e-07,2.65041e-13,3.44886e-08,-6.73982e-13
triangle,0.170439,0.000428851,3.83238e-07,1.7111e-08,8.17325e-16,-3.18128e-10,-1.11891e-15
triangle,0.171626,0.000324614,1.44134e-07,6.25916e-08,5.79847e-15,6.52727e-10,1.31208e-15
triangle,0.168259,0.000496634,3.45733e-07,6.3904e-10,-9.05009e-18,-8.79261e-12,2.88455e-18
triangle,0.171661,1.37594e-06,3.40927e-08,8.16131e-07,-1.09644e-13,-9.42388e-10,8.06906e-14
triangle,0.170047,1.17031e-06,2.32324e-07,6.35808e-09,-6.66607e-18,6.23775e-13,-2.44272e-16
triangle,0.176043,0.00267438,3.10174e-09,1.21421e-09,-3.8214e-20,3.17507e-11,2.35605e-18
triangle,0.191869,0.00480401,4.38425e-06,2.52874e-07,2.42163e-13,1.69529e-08,-1.10682e-13
triangle,0.17171,0.0011895,2.79153e-08,4.53283e-08,1.04028e-15,-1.33606e-09,-1.23194e-15
triangle,0.18444,0.00442607,4.85948e-07,3.00484e-07,-1.12938e-14,1.36142e-08,1.14266e-13
triangle,0.173072,0.0003276,1.88136e-06,1.04141e-07,1.02161e-14,7.25184e-10,4.49506e-14
triangle,0.174835,0.000210171,4.97419e-07,6.41252e-07,3.61031e-13,9.05963e-09,2.86091e-14
triangle,0.169193,9.6352e-05,5.31183e-07,2.84194e-07,-1.05594e-13,-2.40884e-09,-3.22846e-14
triangle,0.168103,0.000227181,1.24579e-07,3.63734e-10,-1.34817e-19,4.07302e-12,2.44477e-18
triangle,0.172446,0.000246572,1.52966e-06,1.02749e-07,-1.78244e-14,5.38967e-10,-3.66278e-14
triangle,0.17351,0.000926748,2.14136e-07,2.09328e-09,-2.45969e-17,-2.81789e-11,3.68664e-17
triangle,0.170562,0.000106801,3.97171e-07,4.0007e-08,4.40432e-15,-8.33981e-11,2.45649e-15
triangle,0.180196,0.0030065,1.41619e-06,1.14641e-07,-9.92116e-15,8.08298e-10,-4.51142e-14
triangle,0.166927,6.84866e-05,4.05728e-09,1.30842e-10,9.53315e-20,-4.27677e-13,-2.78482e-22
triangle,0.199581,0.0100443,1.17899e-08,2.5386e-07,-5.1367e-15,2.43348e-08,1.29034e-14
triangle,0.171092,0.000142925,2.07593e-06,3.2043e-07,-7.4555e-14,-2.95657e-09,-2.5048e-13
triangle,0.174112,0.0012706,1.15867e-07,9.39467e-09,-9.72205e-17,-9.21601e-11,2.94315e-16
triangle,0.190533,0.00827086,5.10115e-07,5.5356e-08,-1.89702e-15,-1.39701e-09,-9.1066e-15
triangle,0.17349,0.00141005,3.04953e-07,9.01406e-08,8.23737e-15,3.13728e-09,1.247e-14
triangle,0.173051,0.000765602,4.51183e-07,4.45201e-08,2.2166e-15,-1.22598e-09,-5.90757e-15
triangle,0.168582,0.000118944,3.6007e-07,2.40001e-07,6.55633e-14,2.56613e-09,2.60604e-14
triangle,0.168338,1.8513e-05,3.09124e-09,4.14259e-08,6.92701e-17,-1.73123e-10,-4.63639e-16
triangle,0.167672,1.77319e-05,1.28514e-07,9.20246e-08,-5.71902e-15,-1.05909e-10,8.21249e-15
triangle,0.171414,0.00124993,1.1973e-08,1.95416e-09,1.81849e-18,-6.90878e-11,-9.27581e-18
triangle,0.173355,0.000653189,1.23278e-06,5.63082e-07,2.17036e-13,-1.23611e-08,4.15914e-13
triangle,0.170102,0.000143336,3.25524e-06,8.9042e-08,-4.47523e-14,1.03095e-09,1.71853e-14
triangle,0.169696,0.000416488,9.74077e-07,1.36861e-08,1.57605e-15,-1.30164e-10,1.14662e-16
triangle,0.168207,6.93571e-05,1.38432e-07,8.60686e-09,2.41593e-17,-6.83436e-11,2.96104e-16
triangle,0.172328,0.00181019,6.64424e-09,1.21049e-09,6.00844e-19,-1.2456e-11,-3.37992e-18
triangle,0.170315,3.62954e-05,4.88493e-06,2.22378e-07,9.58187e-14,-5.73354e-11,2.11041e-13
triangle,0.170025,0.000327809,9.11929e-08,9.43365e-08,-5.31615e-15,3.32706e-10,-6.9497e-15
triangle,0.167855,1.92925e-05,1.10826e-06,1.05464e-07,2.18843e-14,3.02551e-10,2.86548e-14
triangle,0.170748,9.65369e-05,1.67077e-07,2.17446e-08,-1.20493e-15,1.97664e-10,-5.15699e-16
triangle,0.172275,0.0014883,3.07638e-07,1.87061e-07,2.09494e-14,5.99109e-09,3.96839e-14
triangle,0.171704,0.000103138,1.87896e-07,1.01815e-07,-2.74652e-15,4.35317e-10,1.3812e-14
triangle,0.195572,0.00909132,1.0399e-06,1.71167e-08,2.01305e-15,1.51414e-09,1.07821e-15
triangle,0.184981,0.00270558,1.54441e-06,2.79922e-06,5.06091e-12,1.43619e-07,-2.87432e-12
triangle,0.168464,1.95719e-06,2.44812e-07,2.35159e-08,-8.87378e-16,2.94855e-11,1.54795e-15
triangle,0.182677,0.000876822,4.07067e-06,6.17105e-07,-1.81644e-13,1.50188e-08,9.61059e-13
triangle,0.167904,9.61899e-05,4.32701e-08,4.25992e-09,-5.04853e-17,-2.88543e-11,-2.82173e-17
triangle,0.177037,0.00135686,7.07678e-07,7.86628e-07,-3.64588e-13,-2.38017e-09,4.59934e-13
triangle,0.179656,0.00175815,8.61888e-07,1.50715e-07,-2.10121e-14,-2.95436e-09,-5.00914e-14
triangle,0.170627,0.000932054,8.72066e-08,1.66205e-08,-4.71559e-16,3.4344e-10,-4.21925e-16
triangle,0.170599,0.00032644,1.15029e-07,1.34221e-07,8.05436e-15,1.72452e-09,-1.46038e-14
triangle,0.166935,7.44464e-05,1.91134e-09,3.91776e-10,-2.69774e-19,5.93231e-13,-2.0532e-19
triangle,0.176999,0.00346576,4.15749e-09,1.53963e-09,-1.20331e-18,-5.71082e-11,-3.70478e-18
triangle,0.17647,0.00164253,2.26384e-06,2.82931e-07,1.05587e-13,7.72651e-09,-2.0031e-13
triangle,0.170475,0.000388969,1.29027e-06,1.37728e-07,1.53799e-14,1.13058e-09,-5.59857e-14
triangle,0.167489,8.99347e-06,1.23776e-07,8.96762e-09,1.49049e-16,2.54858e-11,-2.58933e-16
triangle,0.16763,7.19042e-07,6.39938e-08,7.56403e-09,1.02327e-19,-6.41196e-12,1.66417e-16
triangle,0.186863,0.00644331,2.22842e-08,7.33871e-08,-1.34435e-15,5.77281e-09,-2.64581e-15
triangle,0.171365,0.000221486,1.12828e-07,1.51379e-08,5.84518e-16,-2.0186e-10,-2.23005e-16
triangle,0.193251,0.00871173,1.70005e-07,5.00182e-07,9.59643e-14,3.62839e-08,1.09839e-13
